DROP TABLE IF EXISTS `users`;
/*!40101 SET @saved_cs_client     = @@character_set_client */;
/*!40101 SET character_set_client = utf8 */;
CREATE TABLE `users` (
  `id` int(10) unsigned NOT NULL AUTO_INCREMENT,
  `name` varchar(155) COLLATE utf8mb4_unicode_ci NOT NULL,
  `email` varchar(155) COLLATE utf8mb4_unicode_ci NOT NULL,
  `status` enum('ACTIVE','INACTIVE') COLLATE utf8mb4_unicode_ci NOT NULL,
  `password` varchar(155) COLLATE utf8mb4_unicode_ci NOT NULL,
  `remember_token` varchar(100) COLLATE utf8mb4_unicode_ci DEFAULT NULL,
  `user_role_id` int(10) unsigned NOT NULL,
  `created_at` timestamp NULL DEFAULT NULL,
  `updated_at` timestamp NULL DEFAULT NULL,
  PRIMARY KEY (`id`),
  UNIQUE KEY `users_email_unique` (`email`),
  KEY `users_user_role_id_foreign` (`user_role_id`),
  CONSTRAINT `users_user_role_id_foreign` FOREIGN KEY (`user_role_id`) REFERENCES `user_roles` (`id`)
) ENGINE=InnoDB AUTO_INCREMENT=11 DEFAULT CHARSET=utf8mb4 COLLATE=utf8mb4_unicode_ci;
/*!40101 SET character_set_client = @saved_cs_client */;

--
-- Dumping data for table `users`
--

LOCK TABLES `users` WRITE;
/*!40000 ALTER TABLE `users` DISABLE KEYS */;
INSERT INTO `users` VALUES (1,'Oscar Diaz','admin@admin.com','ACTIVE','$2y$10$gR0rLvRteqVaFR3YQHXzrOYiwVN8YrgOLanPQ8afNnxm6flqDJAvu','XKNcWrgHL2xGWvK1NdZRGMcu0gyAegurmTFLthdX4WysUkuW7vPIuw6lW5J0',1,'2017-11-08 06:25:28','2017-12-24 18:40:13'),(3,'Victor Cardozo2','bigtor.cardozo@gmail.com','ACTIVE','$2y$10$eF5P9F53BWw1s5FJ/R6mquyi3bWOJ8ts3IebkEJZh/4XIHbPmCiYq','0vv8q5HpyWN0mqleYdyIMQSwV1s19Q82kPxsUQSBZey4nFfqaJCnh2aZbwT9',1,'2017-11-15 03:43:49','2018-01-16 19:19:17'),(5,'test','test@test.com','ACTIVE','$2y$10$nGtBOMPPP16CAbB.EXHqBOw.xRndb7YqcUG7AHzZNjae8j4JazErW',NULL,2,'2018-01-16 19:18:54','2018-01-16 19:18:54'),(6,'test3','2@2.com','ACTIVE','$2y$10$hXGZUqSrXT.r1ud4BVA/AOVpSdFB9W4CqkEOh53vhfRZWBzfIV6Ye',NULL,1,'2018-01-17 04:10:48','2018-01-17 00:13:32'),(7,'externo','ext@terno.com','ACTIVE','$2y$10$IpW69IJzYt8EL78WEaSq5e8lF3Ji9Xl.YQsQ93/17awj8Hi157GIG',NULL,3,'2018-01-16 23:44:40','2018-01-24 20:06:02'),(8,'Inspector 1','inspector1@mail.com','ACTIVE','$2y$10$sb2I4ZI1OIRToGrao8YPf.4Skgm3uSkxMVuamH/eg0JZwjkeC0thG',NULL,4,'2018-01-17 17:06:20','2018-01-17 17:06:20'),(9,'Inspector 2','inspector2@mail.com','ACTIVE','$2y$10$SBO.2DLXvu7NBEMEUlaJLOkEvb3EpM35tEcYFc611H9V0bb2JOHwK',NULL,4,'2018-01-17 17:06:46','2018-01-17 17:06:46'),(10,'Inspector deshabilitado','deshab@mail.com','INACTIVE','$2y$10$r6VHzKQm.H6uySy.f6YR2ul7L.6x0otUmNMEsjAkBiYV5CLNXD.zO',NULL,4,'2018-01-17 17:07:31','2018-01-17 17:07:31');
/*!40000 ALTER TABLE `users` ENABLE KEYS */;
UNLOCK TABLES;

--
-- Table structure for table `vehicle_classes`
--

DROP TABLE IF EXISTS `vehicle_classes`;
/*!40101 SET @saved_cs_client     = @@character_set_client */;
/*!40101 SET character_set_client = utf8 */;
CREATE TABLE `vehicle_classes` (
  `id` int(10) unsigned NOT NULL AUTO_INCREMENT,
  `name` varchar(255) COLLATE utf8mb4_unicode_ci NOT NULL,
  `created_at` timestamp NULL DEFAULT NULL,
  `updated_at` timestamp NULL DEFAULT NULL,
  PRIMARY KEY (`id`)
) ENGINE=InnoDB AUTO_INCREMENT=20 DEFAULT CHARSET=utf8mb4 COLLATE=utf8mb4_unicode_ci;
/*!40101 SET character_set_client = @saved_cs_client */;

--
-- Dumping data for table `vehicle_classes`
--

LOCK TABLES `vehicle_classes` WRITE;
/*!40000 ALTER TABLE `vehicle_classes` DISABLE KEYS */;
INSERT INTO `vehicle_classes` VALUES (1,'AUTOMOVIL','2017-11-19 00:27:17','2017-11-19 00:27:17'),(2,'CAMIONETA PASAJ.','2017-11-19 00:27:18','2017-11-19 00:27:18'),(3,'CAMPERO','2017-11-19 00:27:18','2017-11-19 00:27:18'),(4,'MOTOCICLETA','2017-11-19 00:27:18','2017-11-19 00:27:18'),(5,'MOTOCARRO','2017-11-19 00:27:18','2017-11-19 00:27:18'),(6,'PICKUP DOBLE CAB','2017-11-19 00:27:18','2017-11-19 00:27:18'),(7,'BUS / BUSETA / MICROBUS','2017-11-19 00:27:18','2017-11-19 00:27:18'),(8,'CAMIONETA REPAR','2017-11-19 00:27:18','2017-11-19 00:27:18'),(9,'PICKUP SENCILLA','2017-11-19 00:27:18','2017-11-19 00:27:18'),(10,'REMOLCADOR','2017-11-19 00:27:18','2017-11-19 00:27:18'),(11,'CAMION','2017-11-19 00:27:18','2017-11-19 00:27:18'),(12,'CARROTANQUE','2017-11-19 00:27:18','2017-11-19 00:27:18'),(13,'CHASIS','2017-11-19 00:27:18','2017-11-19 00:27:18'),(14,'FURGON','2017-11-19 00:27:18','2017-11-19 00:27:18'),(15,'VOLQUETA','2017-11-19 00:27:18','2017-11-19 00:27:18'),(16,'UNIMOG','2017-11-19 00:27:18','2017-11-19 00:27:18'),(17,'FURGONETA','2017-11-19 00:27:19','2017-11-19 00:27:19'),(18,'ISOCARRO','2017-11-19 00:27:19','2017-11-19 00:27:19'),(19,'REMOLQUE','2017-11-19 00:27:19','2017-11-19 00:27:19');
/*!40000 ALTER TABLE `vehicle_classes` ENABLE KEYS */;
UNLOCK TABLES;

--
-- Table structure for table `vehicle_services`
--

DROP TABLE IF EXISTS `vehicle_services`;
/*!40101 SET @saved_cs_client     = @@character_set_client */;
/*!40101 SET character_set_client = utf8 */;
CREATE TABLE `vehicle_services` (
  `id` int(10) unsigned NOT NULL AUTO_INCREMENT,
  `name` varchar(255) COLLATE utf8mb4_unicode_ci NOT NULL,
  `created_at` timestamp NULL DEFAULT NULL,
  `updated_at` timestamp NULL DEFAULT NULL,
  PRIMARY KEY (`id`)
) ENGINE=InnoDB AUTO_INCREMENT=3 DEFAULT CHARSET=utf8mb4 COLLATE=utf8mb4_unicode_ci;
/*!40101 SET character_set_client = @saved_cs_client */;

--
-- Dumping data for table `vehicle_services`
--

LOCK TABLES `vehicle_services` WRITE;
/*!40000 ALTER TABLE `vehicle_services` DISABLE KEYS */;
INSERT INTO `vehicle_services` VALUES (1,'Público','2017-11-19 00:36:12','2017-11-19 00:36:12'),(2,'Particular','2017-11-19 00:36:12','2017-11-19 00:36:12');
/*!40000 ALTER TABLE `vehicle_services` ENABLE KEYS */;
UNLOCK TABLES;

--
-- Table structure for table `visual_value_field_values`
--

DROP TABLE IF EXISTS `visual_value_field_values`;
/*!40101 SET @saved_cs_client     = @@character_set_client */;
/*!40101 SET character_set_client = utf8 */;
CREATE TABLE `visual_value_field_values` (
  `id` int(10) unsigned NOT NULL AUTO_INCREMENT,
  `name` varchar(255) COLLATE utf8mb4_unicode_ci NOT NULL,
  `value` int(11) NOT NULL,
  `visual_value_field_id` int(10) unsigned NOT NULL,
  `created_at` timestamp NULL DEFAULT NULL,
  `updated_at` timestamp NULL DEFAULT NULL,
  PRIMARY KEY (`id`),
  KEY `visual_value_field_values_visual_value_field_id_foreign` (`visual_value_field_id`),
  CONSTRAINT `visual_value_field_values_visual_value_field_id_foreign` FOREIGN KEY (`visual_value_field_id`) REFERENCES `visual_value_fields` (`id`)
) ENGINE=InnoDB AUTO_INCREMENT=631 DEFAULT CHARSET=utf8mb4 COLLATE=utf8mb4_unicode_ci;
/*!40101 SET character_set_client = @saved_cs_client */;

--
-- Dumping data for table `visual_value_field_values`
--

LOCK TABLES `visual_value_field_values` WRITE;
/*!40000 ALTER TABLE `visual_value_field_values` DISABLE KEYS */;
INSERT INTO `visual_value_field_values` VALUES (1,'bueno',0,1,NULL,NULL),(2,'sumido',5,1,NULL,NULL),(3,'repar buena',0,1,NULL,NULL),(4,'repar mala',40,1,NULL,NULL),(5,'defor media',42,1,NULL,NULL),(6,'defor fuerte',44,1,NULL,NULL),(7,'malo',50,1,NULL,NULL),(8,'malo',50,2,NULL,NULL),(9,'defor fuerte',44,2,NULL,NULL),(10,'defor media',42,2,NULL,NULL),(11,'repar mala',40,2,NULL,NULL),(12,'repar buena',0,2,NULL,NULL),(13,'sumido',5,2,NULL,NULL),(14,'bueno',0,2,NULL,NULL),(15,'malo',50,3,NULL,NULL),(16,'defor fuerte',44,3,NULL,NULL),(17,'defor media',42,3,NULL,NULL),(18,'repar mala',40,3,NULL,NULL),(19,'repar buena',0,3,NULL,NULL),(20,'sumido',5,3,NULL,NULL),(21,'bueno',0,3,NULL,NULL),(22,'malo',10,4,NULL,NULL),(23,'defor fuerte',10,4,NULL,NULL),(24,'defor media',10,4,NULL,NULL),(25,'repar mala',10,4,NULL,NULL),(26,'repar buena',10,4,NULL,NULL),(27,'sumido',10,4,NULL,NULL),(28,'bueno',0,4,NULL,NULL),(29,'malo',10,5,NULL,NULL),(30,'defor fuerte',10,5,NULL,NULL),(31,'defor media',10,5,NULL,NULL),(32,'repar mala',10,5,NULL,NULL),(33,'repar buena',10,5,NULL,NULL),(34,'sumido',10,5,NULL,NULL),(35,'bueno',0,5,NULL,NULL),(36,'malo',50,6,NULL,NULL),(37,'defor fuerte',44,6,NULL,NULL),(38,'defor media',42,6,NULL,NULL),(39,'repar mala',40,6,NULL,NULL),(40,'repar buena',0,6,NULL,NULL),(41,'sumido',5,6,NULL,NULL),(42,'bueno',0,6,NULL,NULL),(43,'malo',50,7,NULL,NULL),(44,'defor fuerte',44,7,NULL,NULL),(45,'defor media',42,7,NULL,NULL),(46,'repar mala',40,7,NULL,NULL),(47,'repar buena',0,7,NULL,NULL),(48,'sumido',5,7,NULL,NULL),(49,'bueno',0,7,NULL,NULL),(50,'malo',50,8,NULL,NULL),(51,'defor fuerte',44,8,NULL,NULL),(52,'defor media',42,8,NULL,NULL),(53,'repar mala',40,8,NULL,NULL),(54,'repar buena',0,8,NULL,NULL),(55,'sumido',5,8,NULL,NULL),(56,'bueno',0,8,NULL,NULL),(57,'malo',50,9,NULL,NULL),(58,'defor fuerte',44,9,NULL,NULL),(59,'defor media',42,9,NULL,NULL),(60,'repar mala',40,9,NULL,NULL),(61,'repar buena',0,9,NULL,NULL),(62,'sumido',5,9,NULL,NULL),(63,'bueno',0,9,NULL,NULL),(64,'golpe fuerte',14,28,NULL,NULL),(65,'golpe medio',12,28,NULL,NULL),(66,'repar mala',10,28,NULL,NULL),(67,'sumido',2,28,NULL,NULL),(68,'repintado',1,28,NULL,NULL),(69,'repar buena',1,28,NULL,NULL),(70,'bueno',0,28,NULL,NULL),(71,'golpe fuerte',14,29,NULL,NULL),(72,'golpe medio',12,29,NULL,NULL),(73,'repar mala',10,29,NULL,NULL),(74,'sumido',2,29,NULL,NULL),(75,'repintado',1,29,NULL,NULL),(76,'repar buena',1,29,NULL,NULL),(77,'bueno',0,29,NULL,NULL),(78,'golpe fuerte',14,30,NULL,NULL),(79,'golpe medio',12,30,NULL,NULL),(80,'repar mala',10,30,NULL,NULL),(81,'sumido',2,30,NULL,NULL),(82,'repintado',1,30,NULL,NULL),(83,'repar buena',1,30,NULL,NULL),(84,'bueno',0,30,NULL,NULL),(85,'Bueno',0,10,'2017-12-14 03:42:11','2017-12-14 03:42:11'),(86,'repara buena',0,10,'2017-12-14 03:43:44','2017-12-14 03:43:44'),(87,'sumido',5,10,'2017-12-14 03:44:14','2017-12-14 03:44:14'),(88,'repar mala',17,10,'2017-12-14 03:44:31','2017-12-14 03:44:31'),(89,'defor media',19,10,'2017-12-14 03:44:44','2017-12-14 03:44:44'),(90,'defor fuerte',21,10,'2017-12-14 03:44:58','2017-12-14 03:44:58'),(91,'malo',21,10,'2017-12-14 03:45:06','2017-12-14 03:45:06'),(92,'bueno',0,11,'2017-12-14 03:45:49','2017-12-14 03:45:49'),(93,'repara buena',0,11,'2017-12-14 03:46:12','2017-12-14 03:46:12'),(94,'sumido',5,11,'2017-12-14 03:50:27','2017-12-14 03:50:27'),(95,'repara mala',40,11,'2017-12-14 03:50:56','2017-12-14 03:50:56'),(96,'defor media',42,11,'2017-12-14 03:51:11','2017-12-14 03:51:11'),(97,'defor fuerte',44,11,'2017-12-14 03:51:19','2017-12-14 03:51:19'),(98,'malo',50,11,'2017-12-14 03:51:28','2017-12-14 03:51:28'),(99,'bueno',0,12,'2017-12-14 03:51:41','2017-12-14 03:51:41'),(100,'repara buena',0,12,'2017-12-14 03:51:51','2017-12-14 03:51:51'),(101,'sumido',5,12,'2017-12-14 03:52:02','2017-12-14 03:52:02'),(102,'repar mala',40,12,'2017-12-14 03:52:32','2017-12-14 03:52:32'),(103,'defor media',42,12,'2017-12-14 03:52:48','2017-12-14 03:52:48'),(104,'defor fuerte',44,12,'2017-12-14 03:52:56','2017-12-14 03:52:56'),(105,'malo',50,12,'2017-12-14 03:53:02','2017-12-14 03:53:02'),(106,'bueno',0,13,'2017-12-14 03:53:22','2017-12-14 03:53:22'),(107,'repar buena',0,13,'2017-12-14 03:53:27','2017-12-14 03:53:27'),(108,'sumido',5,13,'2017-12-14 03:53:36','2017-12-14 03:53:36'),(109,'repar mala',40,13,'2017-12-14 03:53:48','2017-12-14 03:53:48'),(110,'defor media',42,13,'2017-12-14 03:53:56','2017-12-14 03:53:56'),(111,'defor fuerte',44,13,'2017-12-14 03:54:13','2017-12-14 03:54:13'),(112,'malo',50,13,'2017-12-14 03:54:18','2017-12-14 03:54:18'),(113,'bueno',0,14,'2017-12-14 03:54:46','2017-12-14 03:54:46'),(114,'repar buena',0,14,'2017-12-14 03:54:52','2017-12-14 03:54:52'),(115,'sumido',5,14,'2017-12-14 03:54:59','2017-12-14 03:54:59'),(116,'repar mala',40,14,'2017-12-14 03:55:08','2017-12-14 03:55:08'),(117,'defor media',42,14,'2017-12-14 03:55:18','2017-12-14 03:55:18'),(118,'defor fuerte',44,14,'2017-12-14 03:55:24','2017-12-14 03:55:24'),(119,'malo',50,14,'2017-12-14 03:55:43','2017-12-14 03:55:43'),(120,'bueno',0,15,'2017-12-14 03:56:03','2017-12-14 03:56:03'),(121,'repar buena',0,15,'2017-12-14 03:56:11','2017-12-14 03:56:11'),(122,'sumido',5,15,'2017-12-14 03:56:15','2017-12-14 03:56:15'),(123,'repar mala',40,15,'2017-12-14 03:56:23','2017-12-14 03:56:23'),(124,'defor media',42,15,'2017-12-14 03:56:33','2017-12-14 03:56:33'),(125,'defor fuerte',44,15,'2017-12-14 03:56:41','2017-12-14 03:56:41'),(126,'malo',50,15,'2017-12-14 03:56:51','2017-12-14 03:56:51'),(127,'bueno',0,16,'2017-12-14 03:57:07','2017-12-14 03:57:07'),(128,'repar buena',0,16,'2017-12-14 03:57:16','2017-12-14 03:57:16'),(129,'sumido',5,16,'2017-12-14 03:57:22','2017-12-14 03:57:22'),(130,'repar mala',40,16,'2017-12-14 03:57:29','2017-12-14 03:57:29'),(131,'defor media',42,16,'2017-12-14 03:57:38','2017-12-14 03:57:38'),(132,'defor fuerte',44,16,'2017-12-14 03:57:43','2017-12-14 03:57:43'),(133,'malo',50,16,'2017-12-14 03:57:49','2017-12-14 03:57:49'),(134,'bueno',0,17,'2017-12-14 03:58:03','2017-12-14 03:58:03'),(135,'repar buena',0,17,'2017-12-14 03:58:08','2017-12-14 03:58:08'),(136,'sumido',5,17,'2017-12-14 03:58:13','2017-12-14 03:58:13'),(137,'repar mala',40,17,'2017-12-14 03:58:18','2017-12-14 03:58:18'),(138,'defor media',24,17,'2017-12-14 03:59:04','2017-12-14 03:59:04'),(139,'defor fuerte',25,17,'2017-12-14 03:59:16','2017-12-14 03:59:16'),(140,'malo',20,17,'2017-12-14 03:59:26','2017-12-14 03:59:26'),(141,'bueno',0,18,'2017-12-14 03:59:56','2017-12-14 03:59:56'),(142,'repar buena',0,18,'2017-12-14 04:00:02','2017-12-14 04:00:02'),(143,'sumido',5,18,'2017-12-14 04:00:07','2017-12-14 04:00:07'),(144,'repar mala',40,18,'2017-12-14 04:00:25','2017-12-14 04:00:25'),(145,'defor media',42,18,'2017-12-14 04:00:33','2017-12-14 04:00:33'),(146,'defor fuerte',44,18,'2017-12-14 04:00:37','2017-12-14 04:00:37'),(147,'malo',50,18,'2017-12-14 04:00:46','2017-12-14 04:00:46'),(148,'bueno',0,19,'2017-12-14 04:00:58','2017-12-14 04:00:58'),(149,'repar buena',0,19,'2017-12-14 04:01:07','2017-12-14 04:01:07'),(150,'sumido',5,19,'2017-12-14 04:01:12','2017-12-14 04:01:12'),(151,'repar mala',40,19,'2017-12-14 04:01:19','2017-12-14 04:01:19'),(152,'defor media',42,19,'2017-12-14 04:01:29','2017-12-14 04:01:29'),(153,'defor fuerte',44,19,'2017-12-14 04:01:35','2017-12-14 04:01:35'),(154,'malo',50,19,'2017-12-14 04:01:44','2017-12-14 04:01:44'),(155,'bueno',0,20,'2017-12-14 04:02:22','2017-12-14 04:02:22'),(156,'repar buena',0,20,'2017-12-14 04:02:31','2017-12-14 04:02:31'),(157,'sumido',2,20,'2017-12-14 04:02:37','2017-12-14 04:02:37'),(158,'repar mala',10,20,'2017-12-14 04:02:48','2017-12-14 04:02:48'),(159,'defor media',12,20,'2017-12-14 04:02:59','2017-12-14 04:02:59'),(160,'defor fuerte',14,20,'2017-12-14 04:03:06','2017-12-14 04:03:06'),(161,'malo',20,20,'2017-12-14 04:03:13','2017-12-14 04:03:13'),(162,'bueno',0,21,'2017-12-14 04:03:24','2017-12-14 04:03:24'),(163,'repar buena',0,21,'2017-12-14 04:04:00','2017-12-14 04:04:00'),(164,'sumido',2,21,'2017-12-14 04:04:07','2017-12-14 04:04:07'),(165,'repar mala',10,21,'2017-12-14 04:04:15','2017-12-14 04:04:15'),(166,'defor media',12,21,'2017-12-14 04:04:22','2017-12-14 04:04:22'),(167,'defor fuerte',14,21,'2017-12-14 04:04:29','2017-12-14 04:04:29'),(168,'malo',20,21,'2017-12-14 04:04:34','2017-12-14 04:04:34'),(169,'bueno',0,22,'2017-12-14 04:04:53','2017-12-14 04:04:53'),(170,'repar buena',0,22,'2017-12-14 04:05:03','2017-12-14 04:05:03'),(171,'sumido',2,22,'2017-12-14 04:05:09','2017-12-14 04:05:09'),(172,'repar mala',10,22,'2017-12-14 04:05:38','2017-12-14 04:05:38'),(173,'defor media',12,22,'2017-12-14 04:05:45','2017-12-14 04:05:45'),(174,'defor fuerte',14,22,'2017-12-14 04:05:53','2017-12-14 04:05:53'),(175,'malo',20,22,'2017-12-14 04:05:59','2017-12-14 04:05:59'),(176,'bueno',0,23,'2017-12-14 04:06:11','2017-12-14 04:06:11'),(177,'repar buena',0,23,'2017-12-14 04:06:18','2017-12-14 04:06:18'),(178,'sumido',2,23,'2017-12-14 04:06:23','2017-12-14 04:06:23'),(179,'repar mala',10,23,'2017-12-14 04:06:32','2017-12-14 04:06:32'),(180,'defor media',12,23,'2017-12-14 04:06:41','2017-12-14 04:06:41'),(181,'defor fuerte',14,23,'2017-12-14 04:06:50','2017-12-14 04:06:50'),(182,'malo',20,23,'2017-12-14 04:06:58','2017-12-14 04:06:58'),(183,'bueno',0,24,'2017-12-14 04:07:18','2017-12-14 04:07:18'),(184,'repar buena',0,24,'2017-12-14 04:07:24','2017-12-14 04:07:24'),(185,'sumido',1,24,'2017-12-14 04:07:33','2017-12-14 04:07:33'),(186,'malo',20,24,'2017-12-14 04:07:48','2017-12-14 04:07:48'),(187,'repar mala',23,24,'2017-12-14 04:07:59','2017-12-14 04:07:59'),(188,'defor media',24,24,'2017-12-14 04:08:10','2017-12-14 04:08:10'),(189,'defor fuerte',25,24,'2017-12-14 04:08:17','2017-12-14 04:08:17'),(190,'buena',0,25,'2017-12-14 04:08:31','2017-12-14 04:08:31'),(191,'repar buena',0,25,'2017-12-14 04:08:36','2017-12-14 04:08:36'),(192,'sumido',5,25,'2017-12-14 04:08:47','2017-12-14 04:08:47'),(193,'repar mala',15,25,'2017-12-14 04:08:58','2017-12-14 04:08:58'),(194,'defor media',17,25,'2017-12-14 04:09:13','2017-12-14 04:09:13'),(195,'defor fuerte',19,25,'2017-12-14 04:09:24','2017-12-14 04:09:24'),(196,'malo',20,25,'2017-12-14 04:09:29','2017-12-14 04:09:29'),(197,'bueno',0,26,'2017-12-14 04:10:02','2017-12-14 04:10:02'),(198,'repar buena',0,26,'2017-12-14 04:10:08','2017-12-14 04:10:08'),(199,'sumido',5,26,'2017-12-14 04:10:15','2017-12-14 04:10:15'),(200,'repar mala',15,26,'2017-12-14 04:10:30','2017-12-14 04:10:30'),(201,'defor media',17,26,'2017-12-14 04:10:40','2017-12-14 04:10:40'),(202,'malo',20,26,'2017-12-14 04:10:51','2017-12-14 04:10:51'),(203,'defor fuerte',24,26,'2017-12-14 04:10:59','2017-12-14 04:10:59'),(204,'bueno',0,27,'2017-12-14 04:11:16','2017-12-14 04:11:16'),(205,'repar buena',1,27,'2017-12-14 04:11:23','2017-12-14 04:11:23'),(206,'sumido',10,27,'2017-12-14 04:11:33','2017-12-14 04:11:33'),(207,'malo',20,27,'2017-12-14 04:11:46','2017-12-14 04:11:46'),(208,'repar mala',40,27,'2017-12-14 04:18:23','2017-12-14 04:18:23'),(209,'defor fuerte',42,27,'2017-12-14 04:18:33','2017-12-14 04:18:33'),(210,'defor media',44,27,'2017-12-14 04:18:40','2017-12-14 04:18:40'),(211,'bueno',0,31,'2017-12-14 04:19:57','2017-12-14 04:19:57'),(212,'repar buena',1,31,'2017-12-14 04:20:05','2017-12-14 04:20:05'),(213,'repintado',1,31,'2017-12-14 04:20:12','2017-12-14 04:20:12'),(214,'sumido',2,31,'2017-12-14 04:20:20','2017-12-14 04:20:20'),(215,'repar mala',10,31,'2017-12-14 04:20:30','2017-12-14 04:20:30'),(216,'golpe medio',12,31,'2017-12-14 04:20:43','2017-12-14 04:20:43'),(217,'golpe fuerte',14,31,'2017-12-14 04:20:51','2017-12-14 04:20:51'),(218,'golpe fuerte',14,31,'2017-12-14 04:27:49','2017-12-14 04:27:49'),(219,'bueno',0,34,'2017-12-14 04:28:21','2017-12-14 04:28:21'),(220,'repar buena',1,34,'2017-12-14 04:28:28','2017-12-14 04:28:28'),(221,'repintado',1,34,'2017-12-14 04:28:37','2017-12-14 04:28:37'),(222,'sumido',2,34,'2017-12-14 04:28:48','2017-12-14 04:28:48'),(223,'repar mala',10,34,'2017-12-14 04:28:57','2017-12-14 04:28:57'),(224,'golpe medio',12,34,'2017-12-14 04:29:05','2017-12-14 04:29:05'),(225,'golpe fuerte',14,34,'2017-12-14 04:29:12','2017-12-14 04:29:12'),(226,'bueno',0,35,'2017-12-14 04:29:30','2017-12-14 04:29:30'),(227,'repar buena',1,35,'2017-12-14 04:29:38','2017-12-14 04:29:38'),(228,'repintado',1,35,'2017-12-14 04:29:47','2017-12-14 04:29:47'),(229,'sumido',2,35,'2017-12-14 04:29:54','2017-12-14 04:29:54'),(230,'repar mala',10,35,'2017-12-14 04:30:02','2017-12-14 04:30:02'),(231,'golpe medio',12,35,'2017-12-14 04:30:07','2017-12-14 04:30:07'),(232,'golpe fuerte',14,35,'2017-12-14 04:30:12','2017-12-14 04:30:12'),(233,'bueno',0,36,'2017-12-14 04:30:30','2017-12-14 04:30:30'),(234,'repar buena',1,36,'2017-12-14 04:30:42','2017-12-14 04:30:42'),(235,'repintado',1,36,'2017-12-14 04:30:48','2017-12-14 04:30:48'),(236,'sumido',2,36,'2017-12-14 04:30:54','2017-12-14 04:30:54'),(237,'repar mala',15,36,'2017-12-14 04:31:08','2017-12-14 04:31:08'),(238,'golpe medio',17,36,'2017-12-14 04:31:16','2017-12-14 04:31:16'),(239,'golpe fuerte',19,36,'2017-12-14 04:31:23','2017-12-14 04:31:23'),(240,'bueno',0,37,'2017-12-14 04:39:05','2017-12-14 04:39:05'),(241,'repar buena',1,37,'2017-12-14 04:39:14','2017-12-14 04:39:14'),(242,'repintado',1,37,'2017-12-14 04:39:21','2017-12-14 04:39:21'),(243,'sumido',2,37,'2017-12-14 04:39:29','2017-12-14 04:39:29'),(244,'repar mala',15,37,'2017-12-14 04:39:41','2017-12-14 04:39:41'),(245,'golpe medio',17,37,'2017-12-14 04:39:51','2017-12-14 04:39:51'),(246,'golpe fuerte',19,37,'2017-12-14 04:39:59','2017-12-14 04:39:59'),(247,'bueno',0,38,'2017-12-14 04:40:51','2017-12-14 04:40:51'),(248,'repar buena',1,38,'2017-12-14 04:40:59','2017-12-14 04:40:59'),(249,'sumido',1,38,'2017-12-14 04:41:12','2017-12-14 04:41:12'),(250,'repintado',2,38,'2017-12-14 04:41:20','2017-12-14 04:41:20'),(251,'golpe medio',20,38,'2017-12-14 04:41:36','2017-12-14 04:41:36'),(252,'repar mala',20,38,'2017-12-14 04:41:42','2017-12-14 04:41:42'),(253,'golpe fuerte',22,38,'2017-12-14 04:41:50','2017-12-14 04:41:50'),(254,'bueno',0,39,'2017-12-14 04:42:10','2017-12-14 04:42:10'),(255,'repar buena',1,39,'2017-12-14 04:42:17','2017-12-14 04:42:17'),(256,'repintado',1,39,'2017-12-14 04:42:27','2017-12-14 04:42:27'),(257,'sumido',2,39,'2017-12-14 04:42:32','2017-12-14 04:42:32'),(258,'repar mala',10,39,'2017-12-14 04:42:43','2017-12-14 04:42:43'),(259,'golpe medio',12,39,'2017-12-14 04:42:57','2017-12-14 04:42:57'),(260,'golpe fuerte',14,39,'2017-12-14 04:43:03','2017-12-14 04:43:03'),(261,'bueno',0,40,'2017-12-14 04:43:18','2017-12-14 04:43:18'),(262,'repar buena',1,40,'2017-12-14 04:43:26','2017-12-14 04:43:26'),(263,'repintado',1,40,'2017-12-14 04:43:36','2017-12-14 04:43:36'),(264,'sumido',1,40,'2017-12-14 04:43:48','2017-12-14 04:43:48'),(265,'repar mala',5,40,'2017-12-14 04:44:08','2017-12-14 04:44:08'),(266,'golpe medio',8,40,'2017-12-14 04:44:14','2017-12-14 04:44:14'),(267,'golpe fuerte',10,40,'2017-12-14 04:44:21','2017-12-14 04:44:21'),(268,'bueno',0,41,'2017-12-14 04:44:42','2017-12-14 04:44:42'),(269,'repar buena',1,41,'2017-12-14 04:44:49','2017-12-14 04:44:49'),(270,'repintado',1,41,'2017-12-14 04:44:56','2017-12-14 04:44:56'),(271,'sumido',1,41,'2017-12-14 04:45:03','2017-12-14 04:45:03'),(272,'repar mala',5,41,'2017-12-14 04:45:12','2017-12-14 04:45:12'),(273,'golpe medio',8,41,'2017-12-14 04:45:17','2017-12-14 04:45:17'),(274,'golpe fuerte',10,41,'2017-12-14 04:45:23','2017-12-14 04:45:23'),(275,'bueno',0,42,'2017-12-14 04:45:39','2017-12-14 04:45:39'),(276,'repar buena',1,42,'2017-12-14 04:45:50','2017-12-14 04:45:50'),(277,'repintado',1,42,'2017-12-14 04:45:55','2017-12-14 04:45:55'),(278,'sumido',1,42,'2017-12-14 04:46:00','2017-12-14 04:46:00'),(279,'repar mala',10,42,'2017-12-14 04:46:10','2017-12-14 04:46:10'),(280,'golpe medio',12,42,'2017-12-14 04:46:17','2017-12-14 04:46:17'),(281,'golpe fuerte',14,42,'2017-12-14 04:46:24','2017-12-14 04:46:24'),(282,'Plana',10,43,'2017-12-14 04:48:49','2017-12-14 04:48:49'),(283,'Perlada',10,43,'2017-12-14 04:48:58','2017-12-14 04:48:58'),(284,'Metalizada',10,43,'2017-12-14 04:49:08','2017-12-14 04:49:08'),(285,'Agua',10,43,'2017-12-14 04:49:17','2017-12-14 04:49:17'),(286,'bueno',0,44,'2017-12-14 04:49:32','2017-12-14 04:49:32'),(287,'malo',10,44,'2017-12-14 04:49:38','2017-12-14 04:49:38'),(288,'bueno',0,45,'2017-12-14 04:51:12','2017-12-14 04:51:12'),(289,'fisurado',1,45,'2017-12-14 04:51:18','2017-12-14 04:51:18'),(290,'hermeticidad defi.',1,45,'2017-12-14 04:51:28','2017-12-14 04:51:28'),(291,'mala reparacion',1,45,'2017-12-14 04:51:34','2017-12-14 04:51:34'),(292,'picado',1,45,'2017-12-14 04:51:41','2017-12-14 04:51:41'),(293,'rayado',1,45,'2017-12-14 04:51:48','2017-12-14 04:51:48'),(294,'N/A',0,45,'2017-12-14 04:53:15','2017-12-14 04:53:15'),(295,'bueno',0,46,'2017-12-14 04:53:38','2017-12-14 04:53:38'),(296,'fisurado',1,46,'2017-12-14 04:53:48','2017-12-14 04:53:48'),(297,'hermeticidad defi.',1,46,'2017-12-14 04:53:57','2017-12-14 04:53:57'),(298,'mala reparacion',1,46,'2017-12-14 04:54:13','2017-12-14 04:54:13'),(299,'picado',1,46,'2017-12-14 04:54:17','2017-12-14 04:54:17'),(300,'rayado',1,46,'2017-12-14 04:54:22','2017-12-14 04:54:22'),(301,'N/A',0,46,'2017-12-14 04:54:33','2017-12-14 04:54:33'),(302,'bueno',0,47,'2017-12-14 04:54:53','2017-12-14 04:54:53'),(303,'fisurado',1,47,'2017-12-14 04:55:05','2017-12-14 04:55:05'),(304,'hermeticidad defi.',1,47,'2017-12-14 04:55:09','2017-12-14 04:55:09'),(305,'mala reparacion',1,47,'2017-12-14 04:55:19','2017-12-14 04:55:19'),(306,'picado',1,47,'2017-12-14 04:55:28','2017-12-14 04:55:28'),(307,'rayado',1,47,'2017-12-14 04:55:33','2017-12-14 04:55:33'),(308,'N/A',0,47,'2017-12-14 04:55:38','2017-12-14 04:55:38'),(309,'bueno',0,48,'2017-12-14 04:55:54','2017-12-14 04:55:54'),(310,'fisurado',1,48,'2017-12-14 04:56:04','2017-12-14 04:56:04'),(311,'hermeticidad defi.',1,48,'2017-12-14 04:56:09','2017-12-14 04:56:09'),(312,'mala reparacion',1,48,'2017-12-14 04:56:15','2017-12-14 04:56:15'),(313,'picado',1,48,'2017-12-14 04:56:20','2017-12-14 04:56:20'),(314,'rayado',1,48,'2017-12-14 04:56:24','2017-12-14 04:56:24'),(315,'N/A',0,48,'2017-12-14 04:56:37','2017-12-14 04:56:37'),(316,'bueno',0,49,'2017-12-14 04:56:49','2017-12-14 04:56:49'),(317,'fisurado',1,49,'2017-12-14 04:56:58','2017-12-14 04:56:58'),(318,'hermeticidad defi.',1,49,'2017-12-14 04:57:02','2017-12-14 04:57:02'),(319,'mala reparacion',1,49,'2017-12-14 04:57:10','2017-12-14 04:57:10'),(320,'picado',1,49,'2017-12-14 04:57:15','2017-12-14 04:57:15'),(321,'rayado',1,49,'2017-12-14 04:57:23','2017-12-14 04:57:23'),(322,'N/A',0,49,'2017-12-14 04:57:28','2017-12-14 04:57:28'),(323,'bueno',0,50,'2017-12-14 04:57:46','2017-12-14 04:57:46'),(324,'fisurado',1,50,'2017-12-14 04:57:59','2017-12-14 04:57:59'),(325,'hermeticidad defi.',1,50,'2017-12-14 04:58:03','2017-12-14 04:58:03'),(326,'mala reparacion',1,50,'2017-12-14 04:58:08','2017-12-14 04:58:08'),(327,'picado',1,50,'2017-12-14 04:58:13','2017-12-14 04:58:13'),(328,'rayado',1,50,'2017-12-14 04:58:17','2017-12-14 04:58:17'),(329,'N/A',0,50,'2017-12-14 04:58:49','2017-12-14 04:58:49'),(330,'bueno',0,51,'2017-12-14 04:58:58','2017-12-14 04:58:58'),(331,'fisurado',1,51,'2017-12-14 04:59:07','2017-12-14 04:59:07'),(332,'hermeticidad defi.',1,51,'2017-12-14 04:59:12','2017-12-14 04:59:12'),(333,'mala reparacion',1,51,'2017-12-14 04:59:17','2017-12-14 04:59:17'),(334,'picado',1,51,'2017-12-14 04:59:23','2017-12-14 04:59:23'),(335,'rayado',1,51,'2017-12-14 04:59:28','2017-12-14 04:59:28'),(336,'N/A',1,51,'2017-12-14 04:59:33','2017-12-14 04:59:33'),(337,'bueno',0,52,'2017-12-14 04:59:46','2017-12-14 04:59:46'),(338,'fisurado',1,52,'2017-12-14 05:00:19','2017-12-14 05:00:19'),(339,'hermeticidad defi.',1,52,'2017-12-14 05:00:25','2017-12-14 05:00:25'),(340,'mala reparacion',1,52,'2017-12-14 05:00:30','2017-12-14 05:00:30'),(341,'picado',1,52,'2017-12-14 05:00:34','2017-12-14 05:00:34'),(342,'rayado',1,52,'2017-12-14 05:00:39','2017-12-14 05:00:39'),(343,'N/A',0,52,'2017-12-14 05:00:53','2017-12-14 05:00:53'),(344,'bueno',0,53,'2017-12-14 05:01:21','2017-12-14 05:01:21'),(345,'fisurado',1,53,'2017-12-14 05:01:28','2017-12-14 05:01:28'),(346,'hermeticidad defi.',1,53,'2017-12-14 05:01:32','2017-12-14 05:01:32'),(347,'mala reparacion',1,53,'2017-12-14 05:01:39','2017-12-14 05:01:39'),(348,'picado',1,53,'2017-12-14 05:01:45','2017-12-14 05:01:45'),(349,'rayado',1,53,'2017-12-14 05:01:49','2017-12-14 05:01:49'),(350,'N/A',0,53,'2017-12-14 05:02:11','2017-12-14 05:02:11'),(351,'bueno',0,54,'2017-12-14 05:02:18','2017-12-14 05:02:18'),(352,'fisurado',1,54,'2017-12-14 05:02:26','2017-12-14 05:02:26'),(353,'hermeticidad defi.',1,54,'2017-12-14 05:02:31','2017-12-14 05:02:31'),(354,'mala reparacion',1,54,'2017-12-14 05:02:36','2017-12-14 05:02:36'),(355,'picado',1,54,'2017-12-14 05:02:41','2017-12-14 05:02:41'),(356,'rayado',1,54,'2017-12-14 05:02:46','2017-12-14 05:02:46'),(357,'N/A',0,54,'2017-12-14 05:02:53','2017-12-14 05:02:53'),(358,'bueno',0,55,'2017-12-14 05:03:24','2017-12-14 05:03:24'),(359,'fisurado',1,55,'2017-12-14 05:03:31','2017-12-14 05:03:31'),(360,'hermeticidad defi.',1,55,'2017-12-14 05:03:37','2017-12-14 05:03:37'),(361,'mala reparacion',1,55,'2017-12-14 05:03:41','2017-12-14 05:03:41'),(362,'picado',1,55,'2017-12-14 05:03:46','2017-12-14 05:03:46'),(363,'rayado',1,55,'2017-12-14 05:03:50','2017-12-14 05:03:50'),(364,'N/A',0,55,'2017-12-14 05:03:57','2017-12-14 05:03:57'),(365,'bueno',0,56,'2017-12-14 05:04:05','2017-12-14 05:04:05'),(366,'fisurado',1,56,'2017-12-14 05:04:19','2017-12-14 05:04:19'),(367,'hermeticidad defi.',1,56,'2017-12-14 05:04:23','2017-12-14 05:04:23'),(368,'mala reparacion',1,56,'2017-12-14 05:04:31','2017-12-14 05:04:31'),(369,'picado',1,56,'2017-12-14 05:04:35','2017-12-14 05:04:35'),(370,'rayado',1,56,'2017-12-14 05:04:39','2017-12-14 05:04:39'),(371,'N/A',0,56,'2017-12-14 05:04:47','2017-12-14 05:04:47'),(372,'bueno',0,57,'2017-12-14 05:05:30','2017-12-14 05:05:30'),(373,'fisurado',1,57,'2017-12-14 05:05:36','2017-12-14 05:05:36'),(374,'mala reparacion',1,57,'2017-12-14 05:05:46','2017-12-14 05:05:46'),(375,'picado',1,57,'2017-12-14 05:05:50','2017-12-14 05:05:50'),(376,'rayado',1,57,'2017-12-14 05:05:54','2017-12-14 05:05:54'),(377,'N/A',0,57,'2017-12-14 05:06:07','2017-12-14 05:06:07'),(378,'bueno',0,58,'2017-12-14 05:06:25','2017-12-14 05:06:25'),(379,'fisurado',1,58,'2017-12-14 05:06:32','2017-12-14 05:06:32'),(380,'hermeticidad defi.',1,58,'2017-12-14 05:06:37','2017-12-14 05:06:37'),(381,'mala reparacion',1,58,'2017-12-14 05:06:41','2017-12-14 05:06:41'),(382,'picado',1,58,'2017-12-14 05:06:49','2017-12-14 05:06:49'),(383,'rayado',1,58,'2017-12-14 05:06:54','2017-12-14 05:06:54'),(384,'N/A',0,58,'2017-12-14 05:07:04','2017-12-14 05:07:04'),(385,'bueno',0,59,'2017-12-14 05:07:30','2017-12-14 05:07:30'),(386,'fisurado',1,59,'2017-12-14 05:08:27','2017-12-14 05:08:27'),(387,'hermeticidad defi.',1,59,'2017-12-14 05:08:32','2017-12-14 05:08:32'),(388,'mala reparacion',1,59,'2017-12-14 05:08:40','2017-12-14 05:08:40'),(389,'picado',1,59,'2017-12-14 05:08:45','2017-12-14 05:08:45'),(390,'rayado',1,59,'2017-12-14 05:08:50','2017-12-14 05:08:50'),(391,'N/A',0,59,'2017-12-14 05:08:55','2017-12-14 05:08:55'),(392,'bueno',0,60,'2017-12-14 05:09:20','2017-12-14 05:09:20'),(393,'fisurado',1,60,'2017-12-14 05:09:27','2017-12-14 05:09:27'),(394,'hermeticidad defi.',1,60,'2017-12-14 05:09:31','2017-12-14 05:09:31'),(395,'mala reparacion',1,60,'2017-12-14 05:09:36','2017-12-14 05:09:36'),(396,'picado',1,60,'2017-12-14 05:09:41','2017-12-14 05:09:41'),(397,'rayado',1,60,'2017-12-14 05:09:48','2017-12-14 05:09:48'),(398,'N/A',0,60,'2017-12-14 05:09:53','2017-12-14 05:09:53'),(399,'bueno',0,61,'2017-12-14 05:10:05','2017-12-14 05:10:05'),(400,'fisurado',1,61,'2017-12-14 05:10:13','2017-12-14 05:10:13'),(401,'hermeticidad defi.',1,61,'2017-12-14 05:10:22','2017-12-14 05:10:22'),(402,'mala reparacion',1,61,'2017-12-14 05:10:29','2017-12-14 05:10:29'),(403,'picado',1,61,'2017-12-14 05:10:35','2017-12-14 05:10:35'),(404,'rayado',1,61,'2017-12-14 05:10:40','2017-12-14 05:10:40'),(405,'N/A',0,61,'2017-12-14 05:10:47','2017-12-14 05:10:47'),(406,'bueno',0,62,'2017-12-14 05:11:48','2017-12-14 05:11:48'),(407,'N/A',0,62,'2017-12-14 05:11:55','2017-12-14 05:11:55'),(408,'deficiente',1,62,'2017-12-14 05:12:07','2017-12-14 05:12:07'),(409,'bueno',0,63,'2017-12-14 05:12:16','2017-12-14 05:12:16'),(410,'N/A',0,63,'2017-12-14 05:12:21','2017-12-14 05:12:21'),(411,'deficiente',1,63,'2017-12-14 05:12:28','2017-12-14 05:12:28'),(412,'bueno',0,64,'2017-12-14 05:12:37','2017-12-14 05:12:37'),(413,'N/A',0,64,'2017-12-14 05:12:42','2017-12-14 05:12:42'),(414,'deficiente',1,64,'2017-12-14 05:12:48','2017-12-14 05:12:48'),(415,'bueno',0,65,'2017-12-14 05:13:11','2017-12-14 05:13:11'),(416,'N/A',0,65,'2017-12-14 05:13:15','2017-12-14 05:13:15'),(417,'deficiente',1,65,'2017-12-14 05:13:27','2017-12-14 05:13:27'),(418,'bueno',0,66,'2017-12-14 05:13:36','2017-12-14 05:13:36'),(419,'N/A',0,66,'2017-12-14 05:13:43','2017-12-14 05:13:43'),(420,'deficiente',1,66,'2017-12-14 05:13:52','2017-12-14 05:13:52'),(421,'bueno',0,67,'2017-12-14 05:14:01','2017-12-14 05:14:01'),(422,'N/A',0,67,'2017-12-14 05:14:05','2017-12-14 05:14:05'),(423,'deficiente',1,67,'2017-12-14 05:14:12','2017-12-14 05:14:12'),(424,'bueno',0,68,'2017-12-14 05:14:22','2017-12-14 05:14:22'),(425,'N/A',0,68,'2017-12-14 05:14:25','2017-12-14 05:14:25'),(426,'deficiente',1,68,'2017-12-14 05:14:32','2017-12-14 05:14:32'),(427,'bueno',0,69,'2017-12-14 05:16:44','2017-12-14 05:16:44'),(428,'N/A',0,69,'2017-12-14 05:16:47','2017-12-14 05:16:47'),(429,'deficiente',1,69,'2017-12-14 05:16:51','2017-12-14 05:16:51'),(430,'bueno',0,70,'2017-12-14 05:16:59','2017-12-14 05:16:59'),(431,'N/A',0,70,'2017-12-14 05:17:03','2017-12-14 05:17:03'),(432,'deficiente',1,70,'2017-12-14 05:17:07','2017-12-14 05:17:07'),(433,'bueno',0,71,'2017-12-14 05:17:16','2017-12-14 05:17:16'),(434,'N/A',0,71,'2017-12-14 05:17:24','2017-12-14 05:17:24'),(435,'deficiente',1,71,'2017-12-14 05:17:28','2017-12-14 05:17:28'),(436,'bueno',0,72,'2017-12-14 05:17:35','2017-12-14 05:17:35'),(437,'N/A',0,72,'2017-12-14 05:17:39','2017-12-14 05:17:39'),(438,'deficiente',1,72,'2017-12-14 05:17:43','2017-12-14 05:17:43'),(439,'bueno',0,73,'2017-12-14 05:17:55','2017-12-14 05:17:55'),(440,'N/A',0,73,'2017-12-14 05:17:59','2017-12-14 05:17:59'),(441,'deficiente',1,73,'2017-12-14 05:18:04','2017-12-14 05:18:04'),(442,'bueno',0,74,'2017-12-14 05:19:24','2017-12-14 05:19:24'),(443,'N/A',0,74,'2017-12-14 05:19:28','2017-12-14 05:19:28'),(444,'deficiente',1,74,'2017-12-14 05:19:31','2017-12-14 05:19:31'),(445,'bueno',0,75,'2017-12-14 05:19:39','2017-12-14 05:19:39'),(446,'N/A',0,75,'2017-12-14 05:19:52','2017-12-14 05:19:52'),(447,'deficiente',1,75,'2017-12-14 05:19:55','2017-12-14 05:19:55'),(448,'bueno',0,76,'2017-12-14 05:20:02','2017-12-14 05:20:02'),(449,'N/A',0,76,'2017-12-14 05:20:06','2017-12-14 05:20:06'),(450,'deficiente',1,76,'2017-12-14 05:20:10','2017-12-14 05:20:10'),(451,'bueno',0,77,'2017-12-14 05:20:18','2017-12-14 05:20:18'),(452,'N/A',0,77,'2017-12-14 05:20:22','2017-12-14 05:20:22'),(453,'deficiente',1,77,'2017-12-14 05:20:25','2017-12-14 05:20:25'),(454,'bueno',0,78,'2017-12-14 05:20:34','2017-12-14 05:20:34'),(455,'N/A',0,78,'2017-12-14 05:20:40','2017-12-14 05:20:40'),(456,'deficiente',1,78,'2017-12-14 05:20:44','2017-12-14 05:20:44'),(457,'bueno',0,79,'2017-12-14 05:20:52','2017-12-14 05:20:52'),(458,'N/A',0,79,'2017-12-14 05:20:57','2017-12-14 05:20:57'),(459,'deficiente',1,79,'2017-12-14 05:21:01','2017-12-14 05:21:01'),(460,'bueno',0,80,'2017-12-14 05:21:08','2017-12-14 05:21:08'),(461,'N/A',0,80,'2017-12-14 05:21:14','2017-12-14 05:21:14'),(462,'deficiente',1,80,'2017-12-14 05:21:19','2017-12-14 05:21:19'),(463,'bueno',0,81,'2017-12-14 05:21:32','2017-12-14 05:21:32'),(464,'N/A',0,81,'2017-12-14 05:21:37','2017-12-14 05:21:37'),(465,'deficiente',1,81,'2017-12-14 05:21:40','2017-12-14 05:21:40'),(466,'bueno',0,82,'2017-12-14 05:21:51','2017-12-14 05:21:51'),(467,'N/A',0,82,'2017-12-14 05:21:56','2017-12-14 05:21:56'),(468,'deficiente',1,82,'2017-12-14 05:22:02','2017-12-14 05:22:02'),(469,'bueno',0,83,'2017-12-14 05:22:16','2017-12-14 05:22:16'),(470,'N/A',0,83,'2017-12-14 05:22:21','2017-12-14 05:22:21'),(471,'deficiente',1,83,'2017-12-14 05:22:25','2017-12-14 05:22:25'),(472,'bueno',0,84,'2017-12-14 05:22:33','2017-12-14 05:22:33'),(473,'N/A',0,84,'2017-12-14 05:22:37','2017-12-14 05:22:37'),(474,'deficiente',1,84,'2017-12-14 05:22:40','2017-12-14 05:22:40'),(475,'bueno',0,85,'2017-12-14 05:22:50','2017-12-14 05:22:50'),(476,'N/A',0,85,'2017-12-14 05:22:54','2017-12-14 05:22:54'),(477,'deficiente',1,85,'2017-12-14 05:22:57','2017-12-14 05:22:57'),(478,'bueno',0,86,'2017-12-14 05:23:09','2017-12-14 05:23:09'),(479,'N/A',0,86,'2017-12-14 05:23:15','2017-12-14 05:23:15'),(480,'deficiente',1,86,'2017-12-14 05:23:18','2017-12-14 05:23:18'),(481,'bueno',0,87,'2017-12-14 05:23:30','2017-12-14 05:23:30'),(482,'N/A',0,87,'2017-12-14 05:23:37','2017-12-14 05:23:37'),(483,'deficiente',1,87,'2017-12-14 05:23:43','2017-12-14 05:23:43'),(484,'bueno',0,88,'2017-12-14 05:24:54','2017-12-14 05:24:54'),(485,'N/A',0,88,'2017-12-14 05:24:57','2017-12-14 05:24:57'),(486,'deficiente',1,88,'2017-12-14 05:25:00','2017-12-14 05:25:00'),(487,'bueno',0,89,'2017-12-14 05:25:10','2017-12-14 05:25:10'),(488,'N/A',0,89,'2017-12-14 05:25:14','2017-12-14 05:25:14'),(489,'deficiente',1,89,'2017-12-14 05:25:18','2017-12-14 05:25:18'),(490,'bueno',0,90,'2017-12-14 05:25:24','2017-12-14 05:25:24'),(491,'N/A',0,90,'2017-12-14 05:25:30','2017-12-14 05:25:30'),(492,'deficiente',1,90,'2017-12-14 05:25:33','2017-12-14 05:25:33'),(493,'bueno',0,91,'2017-12-14 05:26:13','2017-12-14 05:26:13'),(494,'N/A',0,91,'2017-12-14 05:26:17','2017-12-14 05:26:17'),(495,'deficiente',0,91,'2017-12-14 05:26:19','2017-12-14 05:26:19'),(496,'bueno',0,92,'2017-12-14 05:26:31','2017-12-14 05:26:31'),(497,'N/A',0,92,'2017-12-14 05:26:36','2017-12-14 05:26:36'),(498,'deficiente',1,92,'2017-12-14 05:26:39','2017-12-14 05:26:39'),(499,'bueno',0,93,'2017-12-14 05:26:49','2017-12-14 05:26:49'),(500,'N/A',0,93,'2017-12-14 05:26:53','2017-12-14 05:26:53'),(501,'deficiente',1,93,'2017-12-14 05:26:56','2017-12-14 05:26:56'),(502,'bueno',0,94,'2017-12-14 05:27:08','2017-12-14 05:27:08'),(503,'N/A',0,94,'2017-12-14 05:27:12','2017-12-14 05:27:12'),(504,'deficiente',1,94,'2017-12-14 05:27:16','2017-12-14 05:27:16'),(505,'bueno',0,95,'2017-12-14 05:27:29','2017-12-14 05:27:29'),(506,'N/A',0,95,'2017-12-14 05:27:34','2017-12-14 05:27:34'),(507,'deficiente',1,95,'2017-12-14 05:27:37','2017-12-14 05:27:37'),(508,'bueno',0,96,'2017-12-14 05:27:47','2017-12-14 05:27:47'),(509,'N/A',0,96,'2017-12-14 05:27:51','2017-12-14 05:27:51'),(510,'deficiente',1,96,'2017-12-14 05:27:55','2017-12-14 05:27:55'),(511,'bueno',0,97,'2017-12-14 05:28:03','2017-12-14 05:28:03'),(512,'N/A',0,97,'2017-12-14 05:28:06','2017-12-14 05:28:06'),(513,'deficiente',1,97,'2017-12-14 05:28:10','2017-12-14 05:28:10'),(514,'bueno',0,98,'2017-12-14 05:30:24','2017-12-14 05:30:24'),(515,'N/A',0,98,'2017-12-14 05:30:28','2017-12-14 05:30:28'),(516,'deficiente',1,98,'2017-12-14 05:30:31','2017-12-14 05:30:31'),(517,'bueno',0,99,'2017-12-14 05:30:39','2017-12-14 05:30:39'),(518,'N/A',0,99,'2017-12-14 05:30:43','2017-12-14 05:30:43'),(519,'deficiente',1,99,'2017-12-14 05:30:46','2017-12-14 05:30:46'),(520,'bueno',0,100,'2017-12-14 05:30:53','2017-12-14 05:30:53'),(521,'N/A',0,100,'2017-12-14 05:30:56','2017-12-14 05:30:56'),(522,'deficiente',1,100,'2017-12-14 05:31:00','2017-12-14 05:31:00'),(523,'bueno',0,101,'2017-12-14 05:31:06','2017-12-14 05:31:06'),(524,'N/A',0,101,'2017-12-14 05:31:10','2017-12-14 05:31:10'),(525,'deficiente',1,101,'2017-12-14 05:31:14','2017-12-14 05:31:14'),(526,'bueno',0,102,'2017-12-14 05:31:21','2017-12-14 05:31:21'),(527,'N/A',0,102,'2017-12-14 05:31:25','2017-12-14 05:31:25'),(528,'deficiente',1,102,'2017-12-14 05:31:29','2017-12-14 05:31:29'),(529,'bueno',0,103,'2017-12-14 05:31:37','2017-12-14 05:31:37'),(530,'N/A',0,103,'2017-12-14 05:31:42','2017-12-14 05:31:42'),(531,'deficiente',1,103,'2017-12-14 05:31:45','2017-12-14 05:31:45'),(532,'bueno',0,104,'2017-12-14 05:31:56','2017-12-14 05:31:56'),(533,'N/A',0,104,'2017-12-14 05:32:00','2017-12-14 05:32:00'),(534,'deficiente',1,104,'2017-12-14 05:32:03','2017-12-14 05:32:03'),(535,'bueno',0,105,'2017-12-14 05:32:09','2017-12-14 05:32:09'),(536,'N/A',0,105,'2017-12-14 05:32:13','2017-12-14 05:32:13'),(537,'deficiente',1,105,'2017-12-14 05:32:16','2017-12-14 05:32:16'),(538,'bueno',0,106,'2017-12-14 05:32:25','2017-12-14 05:32:25'),(539,'N',0,106,'2017-12-14 05:32:30','2017-12-14 05:32:30'),(540,'deficiente',1,106,'2017-12-14 05:32:40','2017-12-14 05:32:40'),(541,'bueno',0,107,'2017-12-14 05:32:48','2017-12-14 05:32:48'),(542,'N/A',0,107,'2017-12-14 05:32:54','2017-12-14 05:32:54'),(543,'deficiente',1,107,'2017-12-14 05:32:57','2017-12-14 05:32:57'),(544,'bueno',0,108,'2017-12-14 05:33:06','2017-12-14 05:33:06'),(545,'N/A',0,108,'2017-12-14 05:33:11','2017-12-14 05:33:11'),(546,'deficiente',1,108,'2017-12-14 05:33:14','2017-12-14 05:33:14'),(547,'bueno',0,109,'2017-12-14 05:34:01','2017-12-14 05:34:01'),(548,'N/A',0,109,'2017-12-14 05:34:06','2017-12-14 05:34:06'),(549,'bajo',1,109,'2017-12-14 05:34:15','2017-12-14 05:34:15'),(550,'bueno',0,110,'2017-12-14 05:34:23','2017-12-14 05:34:23'),(551,'N/A',0,110,'2017-12-14 05:34:27','2017-12-14 05:34:27'),(552,'bajo',1,110,'2017-12-14 05:34:31','2017-12-14 05:34:31'),(553,'bueno',0,111,'2017-12-14 05:34:37','2017-12-14 05:34:37'),(554,'N/A',0,111,'2017-12-14 05:34:44','2017-12-14 05:34:44'),(555,'bajo',1,111,'2017-12-14 05:34:47','2017-12-14 05:34:47'),(556,'bueno',0,112,'2017-12-14 05:34:53','2017-12-14 05:34:53'),(557,'N/A',0,112,'2017-12-14 05:34:58','2017-12-14 05:34:58'),(558,'bajo',1,112,'2017-12-14 05:35:01','2017-12-14 05:35:01'),(559,'bueno',0,113,'2017-12-14 05:35:16','2017-12-14 05:35:16'),(560,'N/A',0,113,'2017-12-14 05:35:24','2017-12-14 05:35:24'),(561,'bajo',1,113,'2017-12-14 05:35:33','2017-12-14 05:35:33'),(562,'bueno',0,114,'2017-12-14 05:35:50','2017-12-14 05:35:50'),(563,'N/A',0,114,'2017-12-14 05:35:54','2017-12-14 05:35:54'),(564,'bajo',1,114,'2017-12-14 05:35:58','2017-12-14 05:35:58'),(565,'10',10,115,'2017-12-14 05:37:21','2017-12-14 05:37:21'),(566,'20',20,115,'2017-12-14 05:37:26','2017-12-14 05:37:26'),(567,'30',30,115,'2017-12-14 05:37:30','2017-12-14 05:37:30'),(568,'40',40,115,'2017-12-14 05:37:35','2017-12-14 05:37:35'),(569,'50',50,115,'2017-12-14 05:37:39','2017-12-14 05:37:39'),(570,'60',60,115,'2017-12-14 05:37:43','2017-12-14 05:37:43'),(571,'70',70,115,'2017-12-14 05:37:48','2017-12-14 05:37:48'),(572,'80',80,115,'2017-12-14 05:37:54','2017-12-14 05:37:54'),(573,'90',90,115,'2017-12-14 05:37:58','2017-12-14 05:37:58'),(574,'100',100,115,'2017-12-14 05:38:02','2017-12-14 05:38:02'),(575,'10',10,116,'2017-12-14 05:38:10','2017-12-14 05:38:10'),(576,'20',20,116,'2017-12-14 05:38:14','2017-12-14 05:38:14'),(577,'30',30,116,'2017-12-14 05:38:18','2017-12-14 05:38:18'),(578,'40',40,116,'2017-12-14 05:38:22','2017-12-14 05:38:22'),(579,'50',50,116,'2017-12-14 05:38:26','2017-12-14 05:38:26'),(580,'60',60,116,'2017-12-14 05:38:29','2017-12-14 05:38:29'),(581,'70',70,116,'2017-12-14 05:38:36','2017-12-14 05:38:36'),(582,'80',80,116,'2017-12-14 05:38:43','2017-12-14 05:38:43'),(583,'90',90,116,'2017-12-14 05:38:46','2017-12-14 05:38:46'),(584,'100',100,116,'2017-12-14 05:38:52','2017-12-14 05:38:52'),(585,'10',10,117,'2017-12-14 05:39:04','2017-12-14 05:39:04'),(586,'20',20,117,'2017-12-14 05:39:08','2017-12-14 05:39:08'),(587,'30',30,117,'2017-12-14 05:39:12','2017-12-14 05:39:12'),(588,'40',40,117,'2017-12-14 05:39:16','2017-12-14 05:39:16'),(589,'50',5,117,'2017-12-14 05:39:19','2017-12-14 05:39:19'),(590,'60',60,117,'2017-12-14 05:39:28','2017-12-14 05:39:28'),(591,'70',70,117,'2017-12-14 05:39:32','2017-12-14 05:39:32'),(592,'80',80,117,'2017-12-14 05:39:36','2017-12-14 05:39:36'),(593,'90',90,117,'2017-12-14 05:39:40','2017-12-14 05:39:40'),(594,'100',100,117,'2017-12-14 05:39:44','2017-12-14 05:39:44'),(595,'10',10,118,'2017-12-14 05:39:52','2017-12-14 05:39:52'),(596,'20',20,118,'2017-12-14 05:39:55','2017-12-14 05:39:55'),(597,'30',30,118,'2017-12-14 05:39:59','2017-12-14 05:39:59'),(598,'40',40,118,'2017-12-14 05:40:03','2017-12-14 05:40:03'),(599,'50',50,118,'2017-12-14 05:40:06','2017-12-14 05:40:06'),(600,'60',60,118,'2017-12-14 05:40:10','2017-12-14 05:40:10'),(601,'70',70,118,'2017-12-14 05:40:15','2017-12-14 05:40:15'),(602,'80',80,118,'2017-12-14 05:40:19','2017-12-14 05:40:19'),(603,'90',90,118,'2017-12-14 05:40:23','2017-12-14 05:40:23'),(604,'100',100,118,'2017-12-14 05:40:28','2017-12-14 05:40:28'),(605,'porta',0,119,'2017-12-14 05:40:54','2017-12-14 05:40:54'),(606,'no porta',0,119,'2017-12-14 05:40:58','2017-12-14 05:40:58'),(607,'porta',0,120,'2017-12-14 05:41:05','2017-12-14 05:41:05'),(608,'no porta',0,120,'2017-12-14 05:41:11','2017-12-14 05:41:11'),(609,'porta',0,121,'2017-12-14 05:41:17','2017-12-14 05:41:17'),(610,'no porta',0,121,'2017-12-14 05:41:20','2017-12-14 05:41:20'),(611,'porta',0,122,'2017-12-14 05:41:29','2017-12-14 05:41:29'),(612,'no porta',0,122,'2017-12-14 05:41:33','2017-12-14 05:41:33'),(613,'porta',0,123,'2017-12-14 05:41:41','2017-12-14 05:41:41'),(614,'no porta',0,123,'2017-12-14 05:41:45','2017-12-14 05:41:45'),(615,'porta',0,124,'2017-12-14 05:41:51','2017-12-14 05:41:51'),(616,'no porta',0,124,'2017-12-14 05:41:54','2017-12-14 05:41:54'),(617,'porta',0,125,'2017-12-14 05:42:01','2017-12-14 05:42:01'),(618,'no porta',0,125,'2017-12-14 05:42:05','2017-12-14 05:42:05'),(619,'porta',0,126,'2017-12-14 05:42:11','2017-12-14 05:42:11'),(620,'no porta',0,126,'2017-12-14 05:42:15','2017-12-14 05:42:15'),(621,'porta',0,127,'2017-12-14 05:42:23','2017-12-14 05:42:23'),(622,'no porta',0,127,'2017-12-14 05:42:26','2017-12-14 05:42:26'),(623,'porta',0,128,'2017-12-14 05:42:33','2017-12-14 05:42:33'),(624,'no porta',0,128,'2017-12-14 05:42:36','2017-12-14 05:42:36'),(625,'porta',0,129,'2017-12-14 05:42:47','2017-12-14 05:42:47'),(626,'no porta',0,129,'2017-12-14 05:42:51','2017-12-14 05:42:51'),(627,'porta',0,130,'2017-12-14 05:42:58','2017-12-14 05:42:58'),(628,'no porta',0,130,'2017-12-14 05:43:02','2017-12-14 05:43:02'),(629,'porta',0,131,'2017-12-14 05:43:09','2017-12-14 05:43:09'),(630,'no porta',0,131,'2017-12-14 05:43:13','2017-12-14 05:43:13');
/*!40000 ALTER TABLE `visual_value_field_values` ENABLE KEYS */;
UNLOCK TABLES;

--
-- Table structure for table `visual_value_fields`
--

DROP TABLE IF EXISTS `visual_value_fields`;
/*!40101 SET @saved_cs_client     = @@character_set_client */;
/*!40101 SET character_set_client = utf8 */;
CREATE TABLE `visual_value_fields` (
  `id` int(10) unsigned NOT NULL AUTO_INCREMENT,
  `name` varchar(255) COLLATE utf8mb4_unicode_ci NOT NULL,
  `visual_value_id` int(10) unsigned NOT NULL,
  `created_at` timestamp NULL DEFAULT NULL,
  `updated_at` timestamp NULL DEFAULT NULL,
  PRIMARY KEY (`id`),
  KEY `visual_value_fields_visual_value_id_foreign` (`visual_value_id`),
  CONSTRAINT `visual_value_fields_visual_value_id_foreign` FOREIGN KEY (`visual_value_id`) REFERENCES `visual_values` (`id`)
) ENGINE=InnoDB AUTO_INCREMENT=132 DEFAULT CHARSET=utf8mb4 COLLATE=utf8mb4_unicode_ci;
/*!40101 SET character_set_client = @saved_cs_client */;

--
-- Dumping data for table `visual_value_fields`
--

LOCK TABLES `visual_value_fields` WRITE;
/*!40000 ALTER TABLE `visual_value_fields` DISABLE KEYS */;
INSERT INTO `visual_value_fields` VALUES (1,'torre derecha',1,NULL,NULL),(2,'torre izquierda',1,NULL,NULL),(3,'torpedo',1,NULL,NULL),(4,'tijera derecha',1,NULL,NULL),(5,'tijera izquierda',1,NULL,NULL),(6,'punta chasis traser izq',1,NULL,NULL),(7,'punta chasis traser der',1,NULL,NULL),(8,'punta chasis delant izq',1,NULL,NULL),(9,'punta chasis delant der',1,NULL,NULL),(10,'piso carroceria',1,NULL,NULL),(11,'paral puerta delant der',1,NULL,NULL),(12,'paral puerta delant izq',1,NULL,NULL),(13,'paral panoramico der',1,NULL,NULL),(14,'paral panoramico izq',1,NULL,NULL),(15,'paral central der',1,NULL,NULL),(16,'paral central izq',1,NULL,NULL),(17,'panel traser',1,NULL,NULL),(18,'larguero der',1,NULL,NULL),(19,'larguero izq',1,NULL,NULL),(20,'guardapolvo del der',1,NULL,NULL),(21,'guardapolvo del izq',1,NULL,NULL),(22,'guardapolv traser der',1,NULL,NULL),(23,'guardapolv traser izq',1,NULL,NULL),(24,'frontal',1,NULL,NULL),(25,'estribo der',1,NULL,NULL),(26,'estribo izq',1,NULL,NULL),(27,'cuna motor',1,NULL,NULL),(28,'puerta trasera izq',2,NULL,NULL),(29,'puerta trasera der',2,NULL,NULL),(30,'puerta delant izq',2,NULL,NULL),(31,'puerta delant der',2,NULL,NULL),(34,'guardafango der',2,NULL,NULL),(35,'guardafango izq',2,NULL,NULL),(36,'costado  izq',2,NULL,NULL),(37,'costado  der',2,NULL,NULL),(38,'capota',2,NULL,NULL),(39,'capot',2,NULL,NULL),(40,'bomper trasero',2,NULL,NULL),(41,'bomper delantero',2,NULL,NULL),(42,'baul',2,NULL,NULL),(43,'tipo pintura',3,'2017-12-13 01:32:02','2017-12-13 01:32:02'),(44,'tipo',3,'2017-12-13 01:32:32','2017-12-13 01:32:32'),(45,'vidr trasero izq',4,'2017-12-13 01:33:01','2017-12-13 01:33:01'),(46,'vidr trasero der',4,'2017-12-13 01:33:29','2017-12-13 01:33:29'),(47,'vidr delant izq',4,'2017-12-13 01:33:44','2017-12-13 01:33:44'),(48,'vidr delant der',4,'2017-12-13 01:33:54','2017-12-13 01:33:54'),(49,'unidad izq',4,'2017-12-13 01:34:07','2017-12-13 01:34:07'),(50,'unidad der',4,'2017-12-13 01:34:13','2017-12-13 01:34:13'),(51,'stop izq',4,'2017-12-13 01:34:37','2017-12-13 01:34:37'),(52,'stop der',4,'2017-12-13 01:34:45','2017-12-13 01:34:45'),(53,'panoram trase',4,'2017-12-13 01:34:59','2017-12-13 01:34:59'),(54,'panoram delat',4,'2017-12-13 01:35:13','2017-12-13 01:35:13'),(55,'luneta izq',4,'2017-12-13 01:35:24','2017-12-13 01:35:24'),(56,'luneta der',4,'2017-12-13 01:35:29','2017-12-13 01:35:29'),(57,'Exploradoras',4,'2017-12-13 01:35:42','2017-12-13 01:35:42'),(58,'espejo interno',4,'2017-12-13 01:35:55','2017-12-13 01:35:55'),(59,'custodio fijo izq',4,'2017-12-13 01:36:06','2017-12-13 01:36:06'),(60,'custodio fijo der',4,'2017-12-13 01:36:10','2017-12-13 01:36:10'),(61,'cocuyos',4,'2017-12-13 01:36:20','2017-12-13 01:36:20'),(62,'velocimetro',5,'2017-12-13 01:36:47','2017-12-13 01:36:47'),(63,'testigos',5,'2017-12-13 01:36:57','2017-12-13 01:36:57'),(64,'tacometro',5,'2017-12-13 01:37:07','2017-12-13 01:37:07'),(65,'radio',5,'2017-12-13 01:37:14','2017-12-13 01:37:14'),(66,'pito',5,'2017-12-13 01:37:21','2017-12-13 01:37:21'),(67,'limpiabrisas',5,'2017-12-13 01:37:32','2017-12-13 01:37:32'),(68,'indicador tempera',5,'2017-12-13 01:37:40','2017-12-13 01:37:40'),(69,'espejos electricos',5,'2017-12-13 01:37:52','2017-12-13 01:37:52'),(70,'elevavidrios electri',5,'2017-12-13 01:38:04','2017-12-13 01:38:04'),(71,'calefaccion',5,'2017-12-13 01:38:15','2017-12-13 01:38:15'),(72,'bloqueo central',5,'2017-12-13 01:38:23','2017-12-13 01:38:23'),(73,'aire acondicionado',5,'2017-12-13 01:38:31','2017-12-13 01:38:31'),(74,'turbo',6,'2017-12-13 01:39:40','2017-12-13 01:39:40'),(75,'transmision/diferencial',6,'2017-12-13 01:39:50','2017-12-13 01:39:50'),(76,'tapa valvulas',6,'2017-12-13 01:39:57','2017-12-13 01:39:57'),(77,'refrigerante',6,'2017-12-13 01:40:06','2017-12-13 01:40:06'),(78,'liquido de frenos',6,'2017-12-13 01:40:12','2017-12-13 01:40:12'),(79,'hidraul. d/cion',6,'2017-12-13 01:40:25','2017-12-13 01:40:25'),(80,'combustible',6,'2017-12-13 01:40:35','2017-12-13 01:40:35'),(81,'carter',6,'2017-12-13 01:40:44','2017-12-13 01:40:44'),(82,'bomba inyeccion',6,'2017-12-13 01:40:52','2017-12-13 01:40:52'),(83,'bomba embrague',6,'2017-12-13 01:41:06','2017-12-13 01:41:06'),(84,'amortiguadores',6,'2017-12-13 01:41:15','2017-12-13 01:41:15'),(85,'aceite compresor',6,'2017-12-13 01:41:25','2017-12-13 01:41:25'),(86,'aceite caja',6,'2017-12-13 01:41:32','2017-12-13 01:41:32'),(87,'aceite bloque motor',6,'2017-12-13 01:41:40','2017-12-13 01:41:40'),(88,'tapiceria techo',7,'2017-12-14 03:23:30','2017-12-14 03:23:30'),(89,'tapiceria sillas',7,'2017-12-14 03:23:41','2017-12-14 03:23:41'),(90,'parasoles',7,'2017-12-14 03:23:52','2017-12-14 03:23:52'),(91,'millare',7,'2017-12-14 03:24:01','2017-12-14 03:24:01'),(92,'guantera',7,'2017-12-14 03:24:08','2017-12-14 03:24:08'),(93,'consola central',7,'2017-12-14 03:24:18','2017-12-14 03:24:18'),(94,'cinturon segurid',7,'2017-12-14 03:24:28','2017-12-14 03:24:28'),(95,'carteras puertas',7,'2017-12-14 03:24:36','2017-12-14 03:24:36'),(96,'bandeja porta obj',7,'2017-12-14 03:24:46','2017-12-14 03:24:46'),(97,'alfombra piso',7,'2017-12-14 03:24:55','2017-12-14 03:24:55'),(98,'reversa',8,'2017-12-14 03:26:16','2017-12-14 03:26:16'),(99,'luz techo',8,'2017-12-14 03:26:26','2017-12-14 03:26:26'),(100,'luz placa',8,'2017-12-14 03:26:46','2017-12-14 03:26:46'),(101,'luz media',8,'2017-12-14 03:26:55','2017-12-14 03:26:55'),(102,'luz baul',8,'2017-12-14 03:27:05','2017-12-14 03:27:05'),(103,'luz baja',8,'2017-12-14 03:27:16','2017-12-14 03:27:16'),(104,'luz alta',8,'2017-12-14 03:27:24','2017-12-14 03:27:24'),(105,'freno',8,'2017-12-14 03:27:35','2017-12-14 03:27:35'),(106,'exploradoras',8,'2017-12-14 03:27:47','2017-12-14 03:27:47'),(107,'estacionarias',8,'2017-12-14 03:27:57','2017-12-14 03:27:57'),(108,'direccionales',8,'2017-12-14 03:28:07','2017-12-14 03:28:07'),(109,'refrigerante',9,'2017-12-14 03:28:30','2017-12-14 03:28:30'),(110,'hidraulico',9,'2017-12-14 03:28:39','2017-12-14 03:28:39'),(111,'frenos',9,'2017-12-14 03:28:46','2017-12-14 03:28:46'),(112,'deposito de agua',9,'2017-12-14 03:28:54','2017-12-14 03:28:54'),(113,'compresor a/c',9,'2017-12-14 03:29:03','2017-12-14 03:29:03'),(114,'aceite motor',9,'2017-12-14 03:29:12','2017-12-14 03:29:12'),(115,'trasera der',10,'2017-12-14 03:29:34','2017-12-14 03:29:34'),(116,'trasera izq',10,'2017-12-14 03:29:45','2017-12-14 03:29:45'),(117,'delant der',10,'2017-12-14 03:29:55','2017-12-14 03:29:55'),(118,'delant izq',10,'2017-12-14 03:30:05','2017-12-14 03:30:05'),(119,'triangulo/conos',11,'2017-12-14 03:30:35','2017-12-14 03:30:35'),(120,'tacos',11,'2017-12-14 03:30:44','2017-12-14 03:30:44'),(121,'llaves fijas',11,'2017-12-14 03:30:56','2017-12-14 03:30:56'),(122,'llaves de espancion',11,'2017-12-14 03:31:28','2017-12-14 03:31:28'),(123,'llanta de repuesto',11,'2017-12-14 03:31:39','2017-12-14 03:31:39'),(124,'linterna',11,'2017-12-14 03:31:48','2017-12-14 03:31:48'),(125,'juego destornilladores',11,'2017-12-14 03:31:58','2017-12-14 03:31:58'),(126,'gato',11,'2017-12-14 03:32:03','2017-12-14 03:32:03'),(127,'extintor vigente',11,'2017-12-14 03:32:26','2017-12-14 03:32:26'),(128,'cruceta',11,'2017-12-14 03:32:36','2017-12-14 03:32:36'),(129,'chaleco reflectivo',11,'2017-12-14 03:32:44','2017-12-14 03:32:44'),(130,'botiquin',11,'2017-12-14 03:32:53','2017-12-14 03:32:53'),(131,'alicate',11,'2017-12-14 03:33:00','2017-12-14 03:33:00');
/*!40000 ALTER TABLE `visual_value_fields` ENABLE KEYS */;
UNLOCK TABLES;

--
-- Table structure for table `visual_value_reports`
--

DROP TABLE IF EXISTS `visual_value_reports`;
/*!40101 SET @saved_cs_client     = @@character_set_client */;
/*!40101 SET character_set_client = utf8 */;
CREATE TABLE `visual_value_reports` (
  `id` int(10) unsigned NOT NULL AUTO_INCREMENT,
  `inspection_id` int(10) unsigned NOT NULL,
  `visual_value_field_value_id` int(10) unsigned NOT NULL,
  `created_at` timestamp NULL DEFAULT NULL,
  `updated_at` timestamp NULL DEFAULT NULL,
  PRIMARY KEY (`id`),
  KEY `visual_value_reports_inspection_id_foreign` (`inspection_id`),
  KEY `visual_value_reports_visual_value_field_value_id_foreign` (`visual_value_field_value_id`),
  CONSTRAINT `visual_value_reports_inspection_id_foreign` FOREIGN KEY (`inspection_id`) REFERENCES `inspections` (`id`),
  CONSTRAINT `visual_value_reports_visual_value_field_value_id_foreign` FOREIGN KEY (`visual_value_field_value_id`) REFERENCES `visual_value_field_values` (`id`)
) ENGINE=InnoDB AUTO_INCREMENT=1431 DEFAULT CHARSET=utf8mb4 COLLATE=utf8mb4_unicode_ci;
/*!40101 SET character_set_client = @saved_cs_client */;

--
-- Dumping data for table `visual_value_reports`
--

LOCK TABLES `visual_value_reports` WRITE;
/*!40000 ALTER TABLE `visual_value_reports` DISABLE KEYS */;
INSERT INTO `visual_value_reports` VALUES (1,1,1,'2017-12-14 17:18:16','2017-12-14 17:18:16'),(2,1,8,'2017-12-14 17:18:16','2017-12-14 17:18:16'),(3,1,15,'2017-12-14 17:18:17','2017-12-14 17:18:17'),(4,1,22,'2017-12-14 17:18:17','2017-12-14 17:18:17'),(5,1,29,'2017-12-14 17:18:17','2017-12-14 17:18:17'),(6,1,40,'2017-12-14 17:18:17','2017-12-14 17:18:17'),(7,1,47,'2017-12-14 17:18:17','2017-12-14 17:18:17'),(8,1,50,'2017-12-14 17:18:17','2017-12-14 17:18:17'),(9,1,57,'2017-12-14 17:18:17','2017-12-14 17:18:17'),(10,1,85,'2017-12-14 17:18:17','2017-12-14 17:18:17'),(11,1,92,'2017-12-14 17:18:17','2017-12-14 17:18:17'),(12,1,104,'2017-12-14 17:18:18','2017-12-14 17:18:18'),(13,1,106,'2017-12-14 17:18:18','2017-12-14 17:18:18'),(14,1,116,'2017-12-14 17:18:18','2017-12-14 17:18:18'),(15,1,123,'2017-12-14 17:18:18','2017-12-14 17:18:18'),(16,1,131,'2017-12-14 17:18:18','2017-12-14 17:18:18'),(17,1,139,'2017-12-14 17:18:18','2017-12-14 17:18:18'),(18,1,144,'2017-12-14 17:18:18','2017-12-14 17:18:18'),(19,1,148,'2017-12-14 17:18:18','2017-12-14 17:18:18'),(20,1,155,'2017-12-14 17:18:18','2017-12-14 17:18:18'),(21,1,162,'2017-12-14 17:18:18','2017-12-14 17:18:18'),(22,1,169,'2017-12-14 17:18:18','2017-12-14 17:18:18'),(23,1,176,'2017-12-14 17:18:18','2017-12-14 17:18:18'),(24,1,183,'2017-12-14 17:18:18','2017-12-14 17:18:18'),(25,1,190,'2017-12-14 17:18:18','2017-12-14 17:18:18'),(26,1,197,'2017-12-14 17:18:18','2017-12-14 17:18:18'),(27,1,204,'2017-12-14 17:18:18','2017-12-14 17:18:18'),(28,1,64,'2017-12-14 17:18:18','2017-12-14 17:18:18'),(29,1,71,'2017-12-14 17:18:18','2017-12-14 17:18:18'),(30,1,78,'2017-12-14 17:18:18','2017-12-14 17:18:18'),(31,1,211,'2017-12-14 17:18:18','2017-12-14 17:18:18'),(32,1,219,'2017-12-14 17:18:18','2017-12-14 17:18:18'),(33,1,226,'2017-12-14 17:18:19','2017-12-14 17:18:19'),(34,1,233,'2017-12-14 17:18:19','2017-12-14 17:18:19'),(35,1,240,'2017-12-14 17:18:19','2017-12-14 17:18:19'),(36,1,247,'2017-12-14 17:18:19','2017-12-14 17:18:19'),(37,1,254,'2017-12-14 17:18:19','2017-12-14 17:18:19'),(38,1,261,'2017-12-14 17:18:19','2017-12-14 17:18:19'),(39,1,268,'2017-12-14 17:18:19','2017-12-14 17:18:19'),(40,1,275,'2017-12-14 17:18:19','2017-12-14 17:18:19'),(41,1,282,'2017-12-14 17:18:19','2017-12-14 17:18:19'),(42,1,286,'2017-12-14 17:18:19','2017-12-14 17:18:19'),(43,1,288,'2017-12-14 17:18:19','2017-12-14 17:18:19'),(44,1,295,'2017-12-14 17:18:19','2017-12-14 17:18:19'),(45,1,302,'2017-12-14 17:18:19','2017-12-14 17:18:19'),(46,1,309,'2017-12-14 17:18:19','2017-12-14 17:18:19'),(47,1,316,'2017-12-14 17:18:19','2017-12-14 17:18:19'),(48,1,323,'2017-12-14 17:18:19','2017-12-14 17:18:19'),(49,1,330,'2017-12-14 17:18:19','2017-12-14 17:18:19'),(50,1,337,'2017-12-14 17:18:19','2017-12-14 17:18:19'),(51,1,344,'2017-12-14 17:18:19','2017-12-14 17:18:19'),(52,1,351,'2017-12-14 17:18:19','2017-12-14 17:18:19'),(53,1,358,'2017-12-14 17:18:19','2017-12-14 17:18:19'),(54,1,365,'2017-12-14 17:18:20','2017-12-14 17:18:20'),(55,1,372,'2017-12-14 17:18:20','2017-12-14 17:18:20'),(56,1,378,'2017-12-14 17:18:20','2017-12-14 17:18:20'),(57,1,385,'2017-12-14 17:18:20','2017-12-14 17:18:20'),(58,1,392,'2017-12-14 17:18:20','2017-12-14 17:18:20'),(59,1,399,'2017-12-14 17:18:20','2017-12-14 17:18:20'),(60,1,406,'2017-12-14 17:18:20','2017-12-14 17:18:20'),(61,1,409,'2017-12-14 17:18:20','2017-12-14 17:18:20'),(62,1,413,'2017-12-14 17:18:20','2017-12-14 17:18:20'),(63,1,415,'2017-12-14 17:18:20','2017-12-14 17:18:20'),(64,1,418,'2017-12-14 17:18:20','2017-12-14 17:18:20'),(65,1,421,'2017-12-14 17:18:20','2017-12-14 17:18:20'),(66,1,424,'2017-12-14 17:18:20','2017-12-14 17:18:20'),(67,1,428,'2017-12-14 17:18:20','2017-12-14 17:18:20'),(68,1,431,'2017-12-14 17:18:20','2017-12-14 17:18:20'),(69,1,433,'2017-12-14 17:18:20','2017-12-14 17:18:20'),(70,1,436,'2017-12-14 17:18:20','2017-12-14 17:18:20'),(71,1,441,'2017-12-14 17:18:20','2017-12-14 17:18:20'),(72,1,442,'2017-12-14 17:18:20','2017-12-14 17:18:20'),(73,1,445,'2017-12-14 17:18:20','2017-12-14 17:18:20'),(74,1,448,'2017-12-14 17:18:21','2017-12-14 17:18:21'),(75,1,451,'2017-12-14 17:18:21','2017-12-14 17:18:21'),(76,1,454,'2017-12-14 17:18:21','2017-12-14 17:18:21'),(77,1,460,'2017-12-14 17:18:21','2017-12-14 17:18:21'),(78,1,463,'2017-12-14 17:18:21','2017-12-14 17:18:21'),(79,1,466,'2017-12-14 17:18:21','2017-12-14 17:18:21'),(80,1,469,'2017-12-14 17:18:21','2017-12-14 17:18:21'),(81,1,472,'2017-12-14 17:18:21','2017-12-14 17:18:21'),(82,1,475,'2017-12-14 17:18:21','2017-12-14 17:18:21'),(83,1,478,'2017-12-14 17:18:21','2017-12-14 17:18:21'),(84,1,481,'2017-12-14 17:18:21','2017-12-14 17:18:21'),(85,1,451,'2017-12-14 17:18:21','2017-12-14 17:18:21'),(86,1,484,'2017-12-14 17:18:21','2017-12-14 17:18:21'),(87,1,487,'2017-12-14 17:18:21','2017-12-14 17:18:21'),(88,1,490,'2017-12-14 17:18:21','2017-12-14 17:18:21'),(89,1,493,'2017-12-14 17:18:21','2017-12-14 17:18:21'),(90,1,496,'2017-12-14 17:18:21','2017-12-14 17:18:21'),(91,1,499,'2017-12-14 17:18:21','2017-12-14 17:18:21'),(92,1,502,'2017-12-14 17:18:21','2017-12-14 17:18:21'),(93,1,505,'2017-12-14 17:18:22','2017-12-14 17:18:22'),(94,1,508,'2017-12-14 17:18:22','2017-12-14 17:18:22'),(95,1,511,'2017-12-14 17:18:22','2017-12-14 17:18:22'),(96,1,514,'2017-12-14 17:18:22','2017-12-14 17:18:22'),(97,1,517,'2017-12-14 17:18:22','2017-12-14 17:18:22'),(98,1,520,'2017-12-14 17:18:22','2017-12-14 17:18:22'),(99,1,523,'2017-12-14 17:18:22','2017-12-14 17:18:22'),(100,1,526,'2017-12-14 17:18:22','2017-12-14 17:18:22'),(101,1,529,'2017-12-14 17:18:22','2017-12-14 17:18:22'),(102,1,532,'2017-12-14 17:18:22','2017-12-14 17:18:22'),(103,1,535,'2017-12-14 17:18:22','2017-12-14 17:18:22'),(104,1,538,'2017-12-14 17:18:22','2017-12-14 17:18:22'),(105,1,541,'2017-12-14 17:18:22','2017-12-14 17:18:22'),(106,1,544,'2017-12-14 17:18:22','2017-12-14 17:18:22'),(107,1,547,'2017-12-14 17:18:22','2017-12-14 17:18:22'),(108,1,547,'2017-12-14 17:18:22','2017-12-14 17:18:22'),(109,1,550,'2017-12-14 17:18:22','2017-12-14 17:18:22'),(110,1,553,'2017-12-14 17:18:22','2017-12-14 17:18:22'),(111,1,556,'2017-12-14 17:18:22','2017-12-14 17:18:22'),(112,1,559,'2017-12-14 17:18:22','2017-12-14 17:18:22'),(113,1,562,'2017-12-14 17:18:22','2017-12-14 17:18:22'),(114,1,565,'2017-12-14 17:18:23','2017-12-14 17:18:23'),(115,1,575,'2017-12-14 17:18:23','2017-12-14 17:18:23'),(116,1,585,'2017-12-14 17:18:23','2017-12-14 17:18:23'),(117,1,595,'2017-12-14 17:18:23','2017-12-14 17:18:23'),(118,1,606,'2017-12-14 17:18:23','2017-12-14 17:18:23'),(119,1,608,'2017-12-14 17:18:23','2017-12-14 17:18:23'),(120,1,609,'2017-12-14 17:18:23','2017-12-14 17:18:23'),(121,1,611,'2017-12-14 17:18:23','2017-12-14 17:18:23'),(122,1,613,'2017-12-14 17:18:23','2017-12-14 17:18:23'),(123,1,616,'2017-12-14 17:18:23','2017-12-14 17:18:23'),(124,1,617,'2017-12-14 17:18:23','2017-12-14 17:18:23'),(125,1,619,'2017-12-14 17:18:23','2017-12-14 17:18:23'),(126,1,621,'2017-12-14 17:18:23','2017-12-14 17:18:23'),(127,1,623,'2017-12-14 17:18:23','2017-12-14 17:18:23'),(128,1,626,'2017-12-14 17:18:23','2017-12-14 17:18:23'),(129,1,628,'2017-12-14 17:18:23','2017-12-14 17:18:23'),(130,1,629,'2017-12-14 17:18:23','2017-12-14 17:18:23'),(131,1,1,'2017-12-14 17:25:13','2017-12-14 17:25:13'),(132,1,8,'2017-12-14 17:25:13','2017-12-14 17:25:13'),(133,1,15,'2017-12-14 17:25:13','2017-12-14 17:25:13'),(134,1,22,'2017-12-14 17:25:13','2017-12-14 17:25:13'),(135,1,29,'2017-12-14 17:25:13','2017-12-14 17:25:13'),(136,1,40,'2017-12-14 17:25:13','2017-12-14 17:25:13'),(137,1,47,'2017-12-14 17:25:13','2017-12-14 17:25:13'),(138,1,50,'2017-12-14 17:25:13','2017-12-14 17:25:13'),(139,1,57,'2017-12-14 17:25:13','2017-12-14 17:25:13'),(140,1,85,'2017-12-14 17:25:13','2017-12-14 17:25:13'),(141,1,92,'2017-12-14 17:25:13','2017-12-14 17:25:13'),(142,1,104,'2017-12-14 17:25:13','2017-12-14 17:25:13'),(143,1,106,'2017-12-14 17:25:13','2017-12-14 17:25:13'),(144,1,116,'2017-12-14 17:25:14','2017-12-14 17:25:14'),(145,1,123,'2017-12-14 17:25:14','2017-12-14 17:25:14'),(146,1,131,'2017-12-14 17:25:14','2017-12-14 17:25:14'),(147,1,139,'2017-12-14 17:25:14','2017-12-14 17:25:14'),(148,1,144,'2017-12-14 17:25:14','2017-12-14 17:25:14'),(149,1,148,'2017-12-14 17:25:15','2017-12-14 17:25:15'),(150,1,155,'2017-12-14 17:25:15','2017-12-14 17:25:15'),(151,1,162,'2017-12-14 17:25:15','2017-12-14 17:25:15'),(152,1,169,'2017-12-14 17:25:15','2017-12-14 17:25:15'),(153,1,176,'2017-12-14 17:25:15','2017-12-14 17:25:15'),(154,1,183,'2017-12-14 17:25:16','2017-12-14 17:25:16'),(155,1,190,'2017-12-14 17:25:16','2017-12-14 17:25:16'),(156,1,197,'2017-12-14 17:25:16','2017-12-14 17:25:16'),(157,1,204,'2017-12-14 17:25:16','2017-12-14 17:25:16'),(158,1,64,'2017-12-14 17:25:16','2017-12-14 17:25:16'),(159,1,71,'2017-12-14 17:25:16','2017-12-14 17:25:16'),(160,1,78,'2017-12-14 17:25:16','2017-12-14 17:25:16'),(161,1,211,'2017-12-14 17:25:16','2017-12-14 17:25:16'),(162,1,219,'2017-12-14 17:25:16','2017-12-14 17:25:16'),(163,1,226,'2017-12-14 17:25:16','2017-12-14 17:25:16'),(164,1,233,'2017-12-14 17:25:16','2017-12-14 17:25:16'),(165,1,240,'2017-12-14 17:25:17','2017-12-14 17:25:17'),(166,1,247,'2017-12-14 17:25:17','2017-12-14 17:25:17'),(167,1,254,'2017-12-14 17:25:17','2017-12-14 17:25:17'),(168,1,261,'2017-12-14 17:25:17','2017-12-14 17:25:17'),(169,1,268,'2017-12-14 17:25:17','2017-12-14 17:25:17'),(170,1,275,'2017-12-14 17:25:17','2017-12-14 17:25:17'),(171,1,282,'2017-12-14 17:25:17','2017-12-14 17:25:17'),(172,1,286,'2017-12-14 17:25:17','2017-12-14 17:25:17'),(173,1,288,'2017-12-14 17:25:17','2017-12-14 17:25:17'),(174,1,295,'2017-12-14 17:25:17','2017-12-14 17:25:17'),(175,1,302,'2017-12-14 17:25:17','2017-12-14 17:25:17'),(176,1,309,'2017-12-14 17:25:17','2017-12-14 17:25:17'),(177,1,316,'2017-12-14 17:25:17','2017-12-14 17:25:17'),(178,1,323,'2017-12-14 17:25:17','2017-12-14 17:25:17'),(179,1,330,'2017-12-14 17:25:17','2017-12-14 17:25:17'),(180,1,337,'2017-12-14 17:25:17','2017-12-14 17:25:17'),(181,1,344,'2017-12-14 17:25:17','2017-12-14 17:25:17'),(182,1,351,'2017-12-14 17:25:17','2017-12-14 17:25:17'),(183,1,358,'2017-12-14 17:25:17','2017-12-14 17:25:17'),(184,1,365,'2017-12-14 17:25:17','2017-12-14 17:25:17'),(185,1,372,'2017-12-14 17:25:17','2017-12-14 17:25:17'),(186,1,378,'2017-12-14 17:25:17','2017-12-14 17:25:17'),(187,1,385,'2017-12-14 17:25:18','2017-12-14 17:25:18'),(188,1,392,'2017-12-14 17:25:18','2017-12-14 17:25:18'),(189,1,399,'2017-12-14 17:25:18','2017-12-14 17:25:18'),(190,1,406,'2017-12-14 17:25:18','2017-12-14 17:25:18'),(191,1,409,'2017-12-14 17:25:18','2017-12-14 17:25:18'),(192,1,413,'2017-12-14 17:25:18','2017-12-14 17:25:18'),(193,1,415,'2017-12-14 17:25:18','2017-12-14 17:25:18'),(194,1,418,'2017-12-14 17:25:18','2017-12-14 17:25:18'),(195,1,421,'2017-12-14 17:25:18','2017-12-14 17:25:18'),(196,1,424,'2017-12-14 17:25:18','2017-12-14 17:25:18'),(197,1,428,'2017-12-14 17:25:18','2017-12-14 17:25:18'),(198,1,431,'2017-12-14 17:25:18','2017-12-14 17:25:18'),(199,1,433,'2017-12-14 17:25:18','2017-12-14 17:25:18'),(200,1,436,'2017-12-14 17:25:18','2017-12-14 17:25:18'),(201,1,441,'2017-12-14 17:25:18','2017-12-14 17:25:18'),(202,1,442,'2017-12-14 17:25:18','2017-12-14 17:25:18'),(203,1,445,'2017-12-14 17:25:18','2017-12-14 17:25:18'),(204,1,448,'2017-12-14 17:25:18','2017-12-14 17:25:18'),(205,1,451,'2017-12-14 17:25:18','2017-12-14 17:25:18'),(206,1,454,'2017-12-14 17:25:18','2017-12-14 17:25:18'),(207,1,460,'2017-12-14 17:25:18','2017-12-14 17:25:18'),(208,1,463,'2017-12-14 17:25:18','2017-12-14 17:25:18'),(209,1,466,'2017-12-14 17:25:19','2017-12-14 17:25:19'),(210,1,469,'2017-12-14 17:25:19','2017-12-14 17:25:19'),(211,1,472,'2017-12-14 17:25:19','2017-12-14 17:25:19'),(212,1,475,'2017-12-14 17:25:19','2017-12-14 17:25:19'),(213,1,478,'2017-12-14 17:25:19','2017-12-14 17:25:19'),(214,1,481,'2017-12-14 17:25:19','2017-12-14 17:25:19'),(215,1,451,'2017-12-14 17:25:19','2017-12-14 17:25:19'),(216,1,484,'2017-12-14 17:25:19','2017-12-14 17:25:19'),(217,1,487,'2017-12-14 17:25:19','2017-12-14 17:25:19'),(218,1,490,'2017-12-14 17:25:19','2017-12-14 17:25:19'),(219,1,493,'2017-12-14 17:25:19','2017-12-14 17:25:19'),(220,1,496,'2017-12-14 17:25:19','2017-12-14 17:25:19'),(221,1,499,'2017-12-14 17:25:19','2017-12-14 17:25:19'),(222,1,502,'2017-12-14 17:25:19','2017-12-14 17:25:19'),(223,1,505,'2017-12-14 17:25:19','2017-12-14 17:25:19'),(224,1,508,'2017-12-14 17:25:19','2017-12-14 17:25:19'),(225,1,511,'2017-12-14 17:25:19','2017-12-14 17:25:19'),(226,1,514,'2017-12-14 17:25:19','2017-12-14 17:25:19'),(227,1,517,'2017-12-14 17:25:19','2017-12-14 17:25:19'),(228,1,520,'2017-12-14 17:25:19','2017-12-14 17:25:19'),(229,1,523,'2017-12-14 17:25:20','2017-12-14 17:25:20'),(230,1,526,'2017-12-14 17:25:20','2017-12-14 17:25:20'),(231,1,529,'2017-12-14 17:25:20','2017-12-14 17:25:20'),(232,1,532,'2017-12-14 17:25:20','2017-12-14 17:25:20'),(233,1,535,'2017-12-14 17:25:20','2017-12-14 17:25:20'),(234,1,538,'2017-12-14 17:25:20','2017-12-14 17:25:20'),(235,1,541,'2017-12-14 17:25:20','2017-12-14 17:25:20'),(236,1,544,'2017-12-14 17:25:20','2017-12-14 17:25:20'),(237,1,547,'2017-12-14 17:25:20','2017-12-14 17:25:20'),(238,1,547,'2017-12-14 17:25:20','2017-12-14 17:25:20'),(239,1,550,'2017-12-14 17:25:20','2017-12-14 17:25:20'),(240,1,553,'2017-12-14 17:25:20','2017-12-14 17:25:20'),(241,1,556,'2017-12-14 17:25:20','2017-12-14 17:25:20'),(242,1,559,'2017-12-14 17:25:20','2017-12-14 17:25:20'),(243,1,562,'2017-12-14 17:25:20','2017-12-14 17:25:20'),(244,1,565,'2017-12-14 17:25:20','2017-12-14 17:25:20'),(245,1,575,'2017-12-14 17:25:20','2017-12-14 17:25:20'),(246,1,585,'2017-12-14 17:25:20','2017-12-14 17:25:20'),(247,1,595,'2017-12-14 17:25:20','2017-12-14 17:25:20'),(248,1,606,'2017-12-14 17:25:20','2017-12-14 17:25:20'),(249,1,608,'2017-12-14 17:25:20','2017-12-14 17:25:20'),(250,1,609,'2017-12-14 17:25:20','2017-12-14 17:25:20'),(251,1,611,'2017-12-14 17:25:21','2017-12-14 17:25:21'),(252,1,613,'2017-12-14 17:25:21','2017-12-14 17:25:21'),(253,1,616,'2017-12-14 17:25:21','2017-12-14 17:25:21'),(254,1,617,'2017-12-14 17:25:21','2017-12-14 17:25:21'),(255,1,619,'2017-12-14 17:25:21','2017-12-14 17:25:21'),(256,1,621,'2017-12-14 17:25:21','2017-12-14 17:25:21'),(257,1,623,'2017-12-14 17:25:21','2017-12-14 17:25:21'),(258,1,626,'2017-12-14 17:25:21','2017-12-14 17:25:21'),(259,1,628,'2017-12-14 17:25:21','2017-12-14 17:25:21'),(260,1,629,'2017-12-14 17:25:21','2017-12-14 17:25:21'),(261,1,1,'2017-12-14 17:27:00','2017-12-14 17:27:00'),(262,1,8,'2017-12-14 17:27:00','2017-12-14 17:27:00'),(263,1,15,'2017-12-14 17:27:00','2017-12-14 17:27:00'),(264,1,22,'2017-12-14 17:27:00','2017-12-14 17:27:00'),(265,1,29,'2017-12-14 17:27:01','2017-12-14 17:27:01'),(266,1,40,'2017-12-14 17:27:01','2017-12-14 17:27:01'),(267,1,47,'2017-12-14 17:27:01','2017-12-14 17:27:01'),(268,1,50,'2017-12-14 17:27:01','2017-12-14 17:27:01'),(269,1,57,'2017-12-14 17:27:01','2017-12-14 17:27:01'),(270,1,85,'2017-12-14 17:27:01','2017-12-14 17:27:01'),(271,1,92,'2017-12-14 17:27:01','2017-12-14 17:27:01'),(272,1,104,'2017-12-14 17:27:01','2017-12-14 17:27:01'),(273,1,106,'2017-12-14 17:27:01','2017-12-14 17:27:01'),(274,1,116,'2017-12-14 17:27:01','2017-12-14 17:27:01'),(275,1,123,'2017-12-14 17:27:01','2017-12-14 17:27:01'),(276,1,131,'2017-12-14 17:27:01','2017-12-14 17:27:01'),(277,1,139,'2017-12-14 17:27:01','2017-12-14 17:27:01'),(278,1,144,'2017-12-14 17:27:01','2017-12-14 17:27:01'),(279,1,148,'2017-12-14 17:27:01','2017-12-14 17:27:01'),(280,1,155,'2017-12-14 17:27:01','2017-12-14 17:27:01'),(281,1,162,'2017-12-14 17:27:01','2017-12-14 17:27:01'),(282,1,169,'2017-12-14 17:27:01','2017-12-14 17:27:01'),(283,1,176,'2017-12-14 17:27:01','2017-12-14 17:27:01'),(284,1,183,'2017-12-14 17:27:01','2017-12-14 17:27:01'),(285,1,190,'2017-12-14 17:27:02','2017-12-14 17:27:02'),(286,1,197,'2017-12-14 17:27:02','2017-12-14 17:27:02'),(287,1,204,'2017-12-14 17:27:02','2017-12-14 17:27:02'),(288,1,64,'2017-12-14 17:27:02','2017-12-14 17:27:02'),(289,1,71,'2017-12-14 17:27:02','2017-12-14 17:27:02'),(290,1,78,'2017-12-14 17:27:02','2017-12-14 17:27:02'),(291,1,211,'2017-12-14 17:27:02','2017-12-14 17:27:02'),(292,1,219,'2017-12-14 17:27:02','2017-12-14 17:27:02'),(293,1,226,'2017-12-14 17:27:02','2017-12-14 17:27:02'),(294,1,233,'2017-12-14 17:27:02','2017-12-14 17:27:02'),(295,1,240,'2017-12-14 17:27:02','2017-12-14 17:27:02'),(296,1,247,'2017-12-14 17:27:02','2017-12-14 17:27:02'),(297,1,254,'2017-12-14 17:27:02','2017-12-14 17:27:02'),(298,1,261,'2017-12-14 17:27:02','2017-12-14 17:27:02'),(299,1,268,'2017-12-14 17:27:02','2017-12-14 17:27:02'),(300,1,275,'2017-12-14 17:27:02','2017-12-14 17:27:02'),(301,1,282,'2017-12-14 17:27:02','2017-12-14 17:27:02'),(302,1,286,'2017-12-14 17:27:02','2017-12-14 17:27:02'),(303,1,288,'2017-12-14 17:27:02','2017-12-14 17:27:02'),(304,1,295,'2017-12-14 17:27:02','2017-12-14 17:27:02'),(305,1,302,'2017-12-14 17:27:03','2017-12-14 17:27:03'),(306,1,309,'2017-12-14 17:27:03','2017-12-14 17:27:03'),(307,1,316,'2017-12-14 17:27:03','2017-12-14 17:27:03'),(308,1,323,'2017-12-14 17:27:03','2017-12-14 17:27:03'),(309,1,330,'2017-12-14 17:27:03','2017-12-14 17:27:03'),(310,1,337,'2017-12-14 17:27:03','2017-12-14 17:27:03'),(311,1,344,'2017-12-14 17:27:03','2017-12-14 17:27:03'),(312,1,351,'2017-12-14 17:27:03','2017-12-14 17:27:03'),(313,1,358,'2017-12-14 17:27:03','2017-12-14 17:27:03'),(314,1,365,'2017-12-14 17:27:03','2017-12-14 17:27:03'),(315,1,372,'2017-12-14 17:27:03','2017-12-14 17:27:03'),(316,1,378,'2017-12-14 17:27:03','2017-12-14 17:27:03'),(317,1,385,'2017-12-14 17:27:03','2017-12-14 17:27:03'),(318,1,392,'2017-12-14 17:27:03','2017-12-14 17:27:03'),(319,1,399,'2017-12-14 17:27:03','2017-12-14 17:27:03'),(320,1,406,'2017-12-14 17:27:03','2017-12-14 17:27:03'),(321,1,409,'2017-12-14 17:27:03','2017-12-14 17:27:03'),(322,1,413,'2017-12-14 17:27:03','2017-12-14 17:27:03'),(323,1,415,'2017-12-14 17:27:03','2017-12-14 17:27:03'),(324,1,418,'2017-12-14 17:27:03','2017-12-14 17:27:03'),(325,1,421,'2017-12-14 17:27:03','2017-12-14 17:27:03'),(326,1,424,'2017-12-14 17:27:03','2017-12-14 17:27:03'),(327,1,428,'2017-12-14 17:27:04','2017-12-14 17:27:04'),(328,1,431,'2017-12-14 17:27:04','2017-12-14 17:27:04'),(329,1,433,'2017-12-14 17:27:04','2017-12-14 17:27:04'),(330,1,436,'2017-12-14 17:27:04','2017-12-14 17:27:04'),(331,1,441,'2017-12-14 17:27:04','2017-12-14 17:27:04'),(332,1,442,'2017-12-14 17:27:04','2017-12-14 17:27:04'),(333,1,445,'2017-12-14 17:27:04','2017-12-14 17:27:04'),(334,1,448,'2017-12-14 17:27:04','2017-12-14 17:27:04'),(335,1,451,'2017-12-14 17:27:04','2017-12-14 17:27:04'),(336,1,454,'2017-12-14 17:27:04','2017-12-14 17:27:04'),(337,1,460,'2017-12-14 17:27:04','2017-12-14 17:27:04'),(338,1,463,'2017-12-14 17:27:04','2017-12-14 17:27:04'),(339,1,466,'2017-12-14 17:27:04','2017-12-14 17:27:04'),(340,1,469,'2017-12-14 17:27:04','2017-12-14 17:27:04'),(341,1,472,'2017-12-14 17:27:04','2017-12-14 17:27:04'),(342,1,475,'2017-12-14 17:27:04','2017-12-14 17:27:04'),(343,1,478,'2017-12-14 17:27:04','2017-12-14 17:27:04'),(344,1,481,'2017-12-14 17:27:04','2017-12-14 17:27:04'),(345,1,451,'2017-12-14 17:27:04','2017-12-14 17:27:04'),(346,1,484,'2017-12-14 17:27:04','2017-12-14 17:27:04'),(347,1,487,'2017-12-14 17:27:04','2017-12-14 17:27:04'),(348,1,490,'2017-12-14 17:27:05','2017-12-14 17:27:05'),(349,1,493,'2017-12-14 17:27:05','2017-12-14 17:27:05'),(350,1,496,'2017-12-14 17:27:05','2017-12-14 17:27:05'),(351,1,499,'2017-12-14 17:27:05','2017-12-14 17:27:05'),(352,1,502,'2017-12-14 17:27:05','2017-12-14 17:27:05'),(353,1,505,'2017-12-14 17:27:05','2017-12-14 17:27:05'),(354,1,508,'2017-12-14 17:27:05','2017-12-14 17:27:05'),(355,1,511,'2017-12-14 17:27:05','2017-12-14 17:27:05'),(356,1,514,'2017-12-14 17:27:05','2017-12-14 17:27:05'),(357,1,517,'2017-12-14 17:27:05','2017-12-14 17:27:05'),(358,1,520,'2017-12-14 17:27:05','2017-12-14 17:27:05'),(359,1,523,'2017-12-14 17:27:05','2017-12-14 17:27:05'),(360,1,526,'2017-12-14 17:27:06','2017-12-14 17:27:06'),(361,1,529,'2017-12-14 17:27:06','2017-12-14 17:27:06'),(362,1,532,'2017-12-14 17:27:06','2017-12-14 17:27:06'),(363,1,535,'2017-12-14 17:27:06','2017-12-14 17:27:06'),(364,1,538,'2017-12-14 17:27:06','2017-12-14 17:27:06'),(365,1,541,'2017-12-14 17:27:06','2017-12-14 17:27:06'),(366,1,544,'2017-12-14 17:27:06','2017-12-14 17:27:06'),(367,1,547,'2017-12-14 17:27:06','2017-12-14 17:27:06'),(368,1,547,'2017-12-14 17:27:06','2017-12-14 17:27:06'),(369,1,550,'2017-12-14 17:27:06','2017-12-14 17:27:06'),(370,1,553,'2017-12-14 17:27:06','2017-12-14 17:27:06'),(371,1,556,'2017-12-14 17:27:06','2017-12-14 17:27:06'),(372,1,559,'2017-12-14 17:27:06','2017-12-14 17:27:06'),(373,1,562,'2017-12-14 17:27:06','2017-12-14 17:27:06'),(374,1,565,'2017-12-14 17:27:06','2017-12-14 17:27:06'),(375,1,575,'2017-12-14 17:27:06','2017-12-14 17:27:06'),(376,1,585,'2017-12-14 17:27:06','2017-12-14 17:27:06'),(377,1,595,'2017-12-14 17:27:06','2017-12-14 17:27:06'),(378,1,606,'2017-12-14 17:27:06','2017-12-14 17:27:06'),(379,1,608,'2017-12-14 17:27:06','2017-12-14 17:27:06'),(380,1,609,'2017-12-14 17:27:07','2017-12-14 17:27:07'),(381,1,611,'2017-12-14 17:27:07','2017-12-14 17:27:07'),(382,1,613,'2017-12-14 17:27:07','2017-12-14 17:27:07'),(383,1,616,'2017-12-14 17:27:07','2017-12-14 17:27:07'),(384,1,617,'2017-12-14 17:27:07','2017-12-14 17:27:07'),(385,1,619,'2017-12-14 17:27:07','2017-12-14 17:27:07'),(386,1,621,'2017-12-14 17:27:07','2017-12-14 17:27:07'),(387,1,623,'2017-12-14 17:27:07','2017-12-14 17:27:07'),(388,1,626,'2017-12-14 17:27:07','2017-12-14 17:27:07'),(389,1,628,'2017-12-14 17:27:07','2017-12-14 17:27:07'),(390,1,629,'2017-12-14 17:27:07','2017-12-14 17:27:07'),(391,1,1,'2017-12-14 17:28:16','2017-12-14 17:28:16'),(392,1,8,'2017-12-14 17:28:16','2017-12-14 17:28:16'),(393,1,15,'2017-12-14 17:28:16','2017-12-14 17:28:16'),(394,1,22,'2017-12-14 17:28:16','2017-12-14 17:28:16'),(395,1,29,'2017-12-14 17:28:16','2017-12-14 17:28:16'),(396,1,40,'2017-12-14 17:28:16','2017-12-14 17:28:16'),(397,1,47,'2017-12-14 17:28:16','2017-12-14 17:28:16'),(398,1,50,'2017-12-14 17:28:16','2017-12-14 17:28:16'),(399,1,57,'2017-12-14 17:28:16','2017-12-14 17:28:16'),(400,1,85,'2017-12-14 17:28:16','2017-12-14 17:28:16'),(401,1,92,'2017-12-14 17:28:16','2017-12-14 17:28:16'),(402,1,104,'2017-12-14 17:28:16','2017-12-14 17:28:16'),(403,1,106,'2017-12-14 17:28:16','2017-12-14 17:28:16'),(404,1,116,'2017-12-14 17:28:17','2017-12-14 17:28:17'),(405,1,123,'2017-12-14 17:28:17','2017-12-14 17:28:17'),(406,1,131,'2017-12-14 17:28:17','2017-12-14 17:28:17'),(407,1,139,'2017-12-14 17:28:17','2017-12-14 17:28:17'),(408,1,144,'2017-12-14 17:28:17','2017-12-14 17:28:17'),(409,1,148,'2017-12-14 17:28:17','2017-12-14 17:28:17'),(410,1,155,'2017-12-14 17:28:17','2017-12-14 17:28:17'),(411,1,162,'2017-12-14 17:28:17','2017-12-14 17:28:17'),(412,1,169,'2017-12-14 17:28:17','2017-12-14 17:28:17'),(413,1,176,'2017-12-14 17:28:17','2017-12-14 17:28:17'),(414,1,183,'2017-12-14 17:28:17','2017-12-14 17:28:17'),(415,1,190,'2017-12-14 17:28:17','2017-12-14 17:28:17'),(416,1,197,'2017-12-14 17:28:17','2017-12-14 17:28:17'),(417,1,204,'2017-12-14 17:28:17','2017-12-14 17:28:17'),(418,1,64,'2017-12-14 17:28:17','2017-12-14 17:28:17'),(419,1,71,'2017-12-14 17:28:17','2017-12-14 17:28:17'),(420,1,78,'2017-12-14 17:28:17','2017-12-14 17:28:17'),(421,1,211,'2017-12-14 17:28:17','2017-12-14 17:28:17'),(422,1,219,'2017-12-14 17:28:17','2017-12-14 17:28:17'),(423,1,226,'2017-12-14 17:28:18','2017-12-14 17:28:18'),(424,1,233,'2017-12-14 17:28:18','2017-12-14 17:28:18'),(425,1,240,'2017-12-14 17:28:18','2017-12-14 17:28:18'),(426,1,247,'2017-12-14 17:28:18','2017-12-14 17:28:18'),(427,1,254,'2017-12-14 17:28:18','2017-12-14 17:28:18'),(428,1,261,'2017-12-14 17:28:18','2017-12-14 17:28:18'),(429,1,268,'2017-12-14 17:28:18','2017-12-14 17:28:18'),(430,1,275,'2017-12-14 17:28:18','2017-12-14 17:28:18'),(431,1,282,'2017-12-14 17:28:18','2017-12-14 17:28:18'),(432,1,286,'2017-12-14 17:28:18','2017-12-14 17:28:18'),(433,1,288,'2017-12-14 17:28:18','2017-12-14 17:28:18'),(434,1,295,'2017-12-14 17:28:18','2017-12-14 17:28:18'),(435,1,302,'2017-12-14 17:28:18','2017-12-14 17:28:18'),(436,1,309,'2017-12-14 17:28:19','2017-12-14 17:28:19'),(437,1,316,'2017-12-14 17:28:19','2017-12-14 17:28:19'),(438,1,323,'2017-12-14 17:28:19','2017-12-14 17:28:19'),(439,1,330,'2017-12-14 17:28:19','2017-12-14 17:28:19'),(440,1,337,'2017-12-14 17:28:19','2017-12-14 17:28:19'),(441,1,344,'2017-12-14 17:28:19','2017-12-14 17:28:19'),(442,1,351,'2017-12-14 17:28:19','2017-12-14 17:28:19'),(443,1,358,'2017-12-14 17:28:19','2017-12-14 17:28:19'),(444,1,365,'2017-12-14 17:28:19','2017-12-14 17:28:19'),(445,1,372,'2017-12-14 17:28:19','2017-12-14 17:28:19'),(446,1,378,'2017-12-14 17:28:19','2017-12-14 17:28:19'),(447,1,385,'2017-12-14 17:28:19','2017-12-14 17:28:19'),(448,1,392,'2017-12-14 17:28:19','2017-12-14 17:28:19'),(449,1,399,'2017-12-14 17:28:19','2017-12-14 17:28:19'),(450,1,406,'2017-12-14 17:28:19','2017-12-14 17:28:19'),(451,1,409,'2017-12-14 17:28:19','2017-12-14 17:28:19'),(452,1,413,'2017-12-14 17:28:20','2017-12-14 17:28:20'),(453,1,415,'2017-12-14 17:28:20','2017-12-14 17:28:20'),(454,1,418,'2017-12-14 17:28:20','2017-12-14 17:28:20'),(455,1,421,'2017-12-14 17:28:20','2017-12-14 17:28:20'),(456,1,424,'2017-12-14 17:28:20','2017-12-14 17:28:20'),(457,1,428,'2017-12-14 17:28:20','2017-12-14 17:28:20'),(458,1,431,'2017-12-14 17:28:20','2017-12-14 17:28:20'),(459,1,433,'2017-12-14 17:28:20','2017-12-14 17:28:20'),(460,1,436,'2017-12-14 17:28:20','2017-12-14 17:28:20'),(461,1,441,'2017-12-14 17:28:20','2017-12-14 17:28:20'),(462,1,442,'2017-12-14 17:28:20','2017-12-14 17:28:20'),(463,1,445,'2017-12-14 17:28:20','2017-12-14 17:28:20'),(464,1,448,'2017-12-14 17:28:20','2017-12-14 17:28:20'),(465,1,451,'2017-12-14 17:28:20','2017-12-14 17:28:20'),(466,1,454,'2017-12-14 17:28:20','2017-12-14 17:28:20'),(467,1,460,'2017-12-14 17:28:20','2017-12-14 17:28:20'),(468,1,463,'2017-12-14 17:28:20','2017-12-14 17:28:20'),(469,1,466,'2017-12-14 17:28:21','2017-12-14 17:28:21'),(470,1,469,'2017-12-14 17:28:21','2017-12-14 17:28:21'),(471,1,472,'2017-12-14 17:28:21','2017-12-14 17:28:21'),(472,1,475,'2017-12-14 17:28:21','2017-12-14 17:28:21'),(473,1,478,'2017-12-14 17:28:21','2017-12-14 17:28:21'),(474,1,481,'2017-12-14 17:28:21','2017-12-14 17:28:21'),(475,1,451,'2017-12-14 17:28:21','2017-12-14 17:28:21'),(476,1,484,'2017-12-14 17:28:21','2017-12-14 17:28:21'),(477,1,487,'2017-12-14 17:28:21','2017-12-14 17:28:21'),(478,1,490,'2017-12-14 17:28:21','2017-12-14 17:28:21'),(479,1,493,'2017-12-14 17:28:21','2017-12-14 17:28:21'),(480,1,496,'2017-12-14 17:28:21','2017-12-14 17:28:21'),(481,1,499,'2017-12-14 17:28:21','2017-12-14 17:28:21'),(482,1,502,'2017-12-14 17:28:21','2017-12-14 17:28:21'),(483,1,505,'2017-12-14 17:28:21','2017-12-14 17:28:21'),(484,1,508,'2017-12-14 17:28:21','2017-12-14 17:28:21'),(485,1,511,'2017-12-14 17:28:21','2017-12-14 17:28:21'),(486,1,514,'2017-12-14 17:28:21','2017-12-14 17:28:21'),(487,1,517,'2017-12-14 17:28:21','2017-12-14 17:28:21'),(488,1,520,'2017-12-14 17:28:21','2017-12-14 17:28:21'),(489,1,523,'2017-12-14 17:28:22','2017-12-14 17:28:22'),(490,1,526,'2017-12-14 17:28:22','2017-12-14 17:28:22'),(491,1,529,'2017-12-14 17:28:22','2017-12-14 17:28:22'),(492,1,532,'2017-12-14 17:28:22','2017-12-14 17:28:22'),(493,1,535,'2017-12-14 17:28:22','2017-12-14 17:28:22'),(494,1,538,'2017-12-14 17:28:22','2017-12-14 17:28:22'),(495,1,541,'2017-12-14 17:28:22','2017-12-14 17:28:22'),(496,1,544,'2017-12-14 17:28:22','2017-12-14 17:28:22'),(497,1,547,'2017-12-14 17:28:22','2017-12-14 17:28:22'),(498,1,547,'2017-12-14 17:28:22','2017-12-14 17:28:22'),(499,1,550,'2017-12-14 17:28:22','2017-12-14 17:28:22'),(500,1,553,'2017-12-14 17:28:22','2017-12-14 17:28:22'),(501,1,556,'2017-12-14 17:28:22','2017-12-14 17:28:22'),(502,1,559,'2017-12-14 17:28:22','2017-12-14 17:28:22'),(503,1,562,'2017-12-14 17:28:22','2017-12-14 17:28:22'),(504,1,565,'2017-12-14 17:28:22','2017-12-14 17:28:22'),(505,1,575,'2017-12-14 17:28:22','2017-12-14 17:28:22'),(506,1,585,'2017-12-14 17:28:22','2017-12-14 17:28:22'),(507,1,595,'2017-12-14 17:28:23','2017-12-14 17:28:23'),(508,1,606,'2017-12-14 17:28:23','2017-12-14 17:28:23'),(509,1,608,'2017-12-14 17:28:23','2017-12-14 17:28:23'),(510,1,609,'2017-12-14 17:28:23','2017-12-14 17:28:23'),(511,1,611,'2017-12-14 17:28:23','2017-12-14 17:28:23'),(512,1,613,'2017-12-14 17:28:23','2017-12-14 17:28:23'),(513,1,616,'2017-12-14 17:28:23','2017-12-14 17:28:23'),(514,1,617,'2017-12-14 17:28:23','2017-12-14 17:28:23'),(515,1,619,'2017-12-14 17:28:23','2017-12-14 17:28:23'),(516,1,621,'2017-12-14 17:28:23','2017-12-14 17:28:23'),(517,1,623,'2017-12-14 17:28:23','2017-12-14 17:28:23'),(518,1,626,'2017-12-14 17:28:23','2017-12-14 17:28:23'),(519,1,628,'2017-12-14 17:28:23','2017-12-14 17:28:23'),(520,1,629,'2017-12-14 17:28:23','2017-12-14 17:28:23'),(521,1,1,'2017-12-14 17:30:36','2017-12-14 17:30:36'),(522,1,8,'2017-12-14 17:30:36','2017-12-14 17:30:36'),(523,1,15,'2017-12-14 17:30:36','2017-12-14 17:30:36'),(524,1,22,'2017-12-14 17:30:36','2017-12-14 17:30:36'),(525,1,29,'2017-12-14 17:30:36','2017-12-14 17:30:36'),(526,1,40,'2017-12-14 17:30:36','2017-12-14 17:30:36'),(527,1,47,'2017-12-14 17:30:37','2017-12-14 17:30:37'),(528,1,50,'2017-12-14 17:30:37','2017-12-14 17:30:37'),(529,1,57,'2017-12-14 17:30:37','2017-12-14 17:30:37'),(530,1,85,'2017-12-14 17:30:37','2017-12-14 17:30:37'),(531,1,92,'2017-12-14 17:30:37','2017-12-14 17:30:37'),(532,1,104,'2017-12-14 17:30:37','2017-12-14 17:30:37'),(533,1,106,'2017-12-14 17:30:37','2017-12-14 17:30:37'),(534,1,116,'2017-12-14 17:30:37','2017-12-14 17:30:37'),(535,1,123,'2017-12-14 17:30:37','2017-12-14 17:30:37'),(536,1,131,'2017-12-14 17:30:37','2017-12-14 17:30:37'),(537,1,139,'2017-12-14 17:30:37','2017-12-14 17:30:37'),(538,1,144,'2017-12-14 17:30:37','2017-12-14 17:30:37'),(539,1,148,'2017-12-14 17:30:37','2017-12-14 17:30:37'),(540,1,155,'2017-12-14 17:30:37','2017-12-14 17:30:37'),(541,1,162,'2017-12-14 17:30:37','2017-12-14 17:30:37'),(542,1,169,'2017-12-14 17:30:37','2017-12-14 17:30:37'),(543,1,176,'2017-12-14 17:30:37','2017-12-14 17:30:37'),(544,1,183,'2017-12-14 17:30:37','2017-12-14 17:30:37'),(545,1,190,'2017-12-14 17:30:37','2017-12-14 17:30:37'),(546,1,197,'2017-12-14 17:30:37','2017-12-14 17:30:37'),(547,1,204,'2017-12-14 17:30:37','2017-12-14 17:30:37'),(548,1,64,'2017-12-14 17:30:38','2017-12-14 17:30:38'),(549,1,71,'2017-12-14 17:30:38','2017-12-14 17:30:38'),(550,1,78,'2017-12-14 17:30:38','2017-12-14 17:30:38'),(551,1,211,'2017-12-14 17:30:38','2017-12-14 17:30:38'),(552,1,219,'2017-12-14 17:30:38','2017-12-14 17:30:38'),(553,1,226,'2017-12-14 17:30:38','2017-12-14 17:30:38'),(554,1,233,'2017-12-14 17:30:38','2017-12-14 17:30:38'),(555,1,240,'2017-12-14 17:30:38','2017-12-14 17:30:38'),(556,1,247,'2017-12-14 17:30:38','2017-12-14 17:30:38'),(557,1,254,'2017-12-14 17:30:38','2017-12-14 17:30:38'),(558,1,261,'2017-12-14 17:30:38','2017-12-14 17:30:38'),(559,1,268,'2017-12-14 17:30:38','2017-12-14 17:30:38'),(560,1,275,'2017-12-14 17:30:38','2017-12-14 17:30:38'),(561,1,282,'2017-12-14 17:30:38','2017-12-14 17:30:38'),(562,1,286,'2017-12-14 17:30:38','2017-12-14 17:30:38'),(563,1,288,'2017-12-14 17:30:38','2017-12-14 17:30:38'),(564,1,295,'2017-12-14 17:30:38','2017-12-14 17:30:38'),(565,1,302,'2017-12-14 17:30:38','2017-12-14 17:30:38'),(566,1,309,'2017-12-14 17:30:38','2017-12-14 17:30:38'),(567,1,316,'2017-12-14 17:30:38','2017-12-14 17:30:38'),(568,1,323,'2017-12-14 17:30:39','2017-12-14 17:30:39'),(569,1,330,'2017-12-14 17:30:39','2017-12-14 17:30:39'),(570,1,337,'2017-12-14 17:30:39','2017-12-14 17:30:39'),(571,1,344,'2017-12-14 17:30:39','2017-12-14 17:30:39'),(572,1,351,'2017-12-14 17:30:39','2017-12-14 17:30:39'),(573,1,358,'2017-12-14 17:30:39','2017-12-14 17:30:39'),(574,1,365,'2017-12-14 17:30:39','2017-12-14 17:30:39'),(575,1,372,'2017-12-14 17:30:39','2017-12-14 17:30:39'),(576,1,378,'2017-12-14 17:30:39','2017-12-14 17:30:39'),(577,1,385,'2017-12-14 17:30:39','2017-12-14 17:30:39'),(578,1,392,'2017-12-14 17:30:39','2017-12-14 17:30:39'),(579,1,399,'2017-12-14 17:30:39','2017-12-14 17:30:39'),(580,1,406,'2017-12-14 17:30:39','2017-12-14 17:30:39'),(581,1,409,'2017-12-14 17:30:39','2017-12-14 17:30:39'),(582,1,413,'2017-12-14 17:30:39','2017-12-14 17:30:39'),(583,1,415,'2017-12-14 17:30:40','2017-12-14 17:30:40'),(584,1,418,'2017-12-14 17:30:40','2017-12-14 17:30:40'),(585,1,421,'2017-12-14 17:30:40','2017-12-14 17:30:40'),(586,1,424,'2017-12-14 17:30:40','2017-12-14 17:30:40'),(587,1,428,'2017-12-14 17:30:40','2017-12-14 17:30:40'),(588,1,431,'2017-12-14 17:30:40','2017-12-14 17:30:40'),(589,1,433,'2017-12-14 17:30:40','2017-12-14 17:30:40'),(590,1,436,'2017-12-14 17:30:40','2017-12-14 17:30:40'),(591,1,441,'2017-12-14 17:30:40','2017-12-14 17:30:40'),(592,1,442,'2017-12-14 17:30:40','2017-12-14 17:30:40'),(593,1,445,'2017-12-14 17:30:40','2017-12-14 17:30:40'),(594,1,448,'2017-12-14 17:30:40','2017-12-14 17:30:40'),(595,1,451,'2017-12-14 17:30:40','2017-12-14 17:30:40'),(596,1,454,'2017-12-14 17:30:40','2017-12-14 17:30:40'),(597,1,460,'2017-12-14 17:30:40','2017-12-14 17:30:40'),(598,1,463,'2017-12-14 17:30:40','2017-12-14 17:30:40'),(599,1,466,'2017-12-14 17:30:41','2017-12-14 17:30:41'),(600,1,469,'2017-12-14 17:30:41','2017-12-14 17:30:41'),(601,1,472,'2017-12-14 17:30:41','2017-12-14 17:30:41'),(602,1,475,'2017-12-14 17:30:41','2017-12-14 17:30:41'),(603,1,478,'2017-12-14 17:30:41','2017-12-14 17:30:41'),(604,1,481,'2017-12-14 17:30:41','2017-12-14 17:30:41'),(605,1,451,'2017-12-14 17:30:41','2017-12-14 17:30:41'),(606,1,484,'2017-12-14 17:30:41','2017-12-14 17:30:41'),(607,1,487,'2017-12-14 17:30:41','2017-12-14 17:30:41'),(608,1,490,'2017-12-14 17:30:41','2017-12-14 17:30:41'),(609,1,493,'2017-12-14 17:30:41','2017-12-14 17:30:41'),(610,1,496,'2017-12-14 17:30:41','2017-12-14 17:30:41'),(611,1,499,'2017-12-14 17:30:41','2017-12-14 17:30:41'),(612,1,502,'2017-12-14 17:30:41','2017-12-14 17:30:41'),(613,1,505,'2017-12-14 17:30:41','2017-12-14 17:30:41'),(614,1,508,'2017-12-14 17:30:41','2017-12-14 17:30:41'),(615,1,511,'2017-12-14 17:30:41','2017-12-14 17:30:41'),(616,1,514,'2017-12-14 17:30:41','2017-12-14 17:30:41'),(617,1,517,'2017-12-14 17:30:41','2017-12-14 17:30:41'),(618,1,520,'2017-12-14 17:30:41','2017-12-14 17:30:41'),(619,1,523,'2017-12-14 17:30:41','2017-12-14 17:30:41'),(620,1,526,'2017-12-14 17:30:42','2017-12-14 17:30:42'),(621,1,529,'2017-12-14 17:30:42','2017-12-14 17:30:42'),(622,1,532,'2017-12-14 17:30:42','2017-12-14 17:30:42'),(623,1,535,'2017-12-14 17:30:42','2017-12-14 17:30:42'),(624,1,538,'2017-12-14 17:30:42','2017-12-14 17:30:42'),(625,1,541,'2017-12-14 17:30:42','2017-12-14 17:30:42'),(626,1,544,'2017-12-14 17:30:42','2017-12-14 17:30:42'),(627,1,547,'2017-12-14 17:30:42','2017-12-14 17:30:42'),(628,1,547,'2017-12-14 17:30:42','2017-12-14 17:30:42'),(629,1,550,'2017-12-14 17:30:42','2017-12-14 17:30:42'),(630,1,553,'2017-12-14 17:30:42','2017-12-14 17:30:42'),(631,1,556,'2017-12-14 17:30:42','2017-12-14 17:30:42'),(632,1,559,'2017-12-14 17:30:42','2017-12-14 17:30:42'),(633,1,562,'2017-12-14 17:30:42','2017-12-14 17:30:42'),(634,1,565,'2017-12-14 17:30:42','2017-12-14 17:30:42'),(635,1,575,'2017-12-14 17:30:42','2017-12-14 17:30:42'),(636,1,585,'2017-12-14 17:30:42','2017-12-14 17:30:42'),(637,1,595,'2017-12-14 17:30:42','2017-12-14 17:30:42'),(638,1,606,'2017-12-14 17:30:42','2017-12-14 17:30:42'),(639,1,608,'2017-12-14 17:30:42','2017-12-14 17:30:42'),(640,1,609,'2017-12-14 17:30:42','2017-12-14 17:30:42'),(641,1,611,'2017-12-14 17:30:42','2017-12-14 17:30:42'),(642,1,613,'2017-12-14 17:30:42','2017-12-14 17:30:42'),(643,1,616,'2017-12-14 17:30:43','2017-12-14 17:30:43'),(644,1,617,'2017-12-14 17:30:43','2017-12-14 17:30:43'),(645,1,619,'2017-12-14 17:30:43','2017-12-14 17:30:43'),(646,1,621,'2017-12-14 17:30:43','2017-12-14 17:30:43'),(647,1,623,'2017-12-14 17:30:43','2017-12-14 17:30:43'),(648,1,626,'2017-12-14 17:30:43','2017-12-14 17:30:43'),(649,1,628,'2017-12-14 17:30:43','2017-12-14 17:30:43'),(650,1,629,'2017-12-14 17:30:43','2017-12-14 17:30:43'),(651,2,1,'2017-12-17 19:03:13','2017-12-17 19:03:13'),(652,2,8,'2017-12-17 19:03:13','2017-12-17 19:03:13'),(653,2,15,'2017-12-17 19:03:13','2017-12-17 19:03:13'),(654,2,22,'2017-12-17 19:03:13','2017-12-17 19:03:13'),(655,2,29,'2017-12-17 19:03:13','2017-12-17 19:03:13'),(656,2,36,'2017-12-17 19:03:13','2017-12-17 19:03:13'),(657,2,43,'2017-12-17 19:03:13','2017-12-17 19:03:13'),(658,2,50,'2017-12-17 19:03:13','2017-12-17 19:03:13'),(659,2,57,'2017-12-17 19:03:13','2017-12-17 19:03:13'),(660,2,85,'2017-12-17 19:03:13','2017-12-17 19:03:13'),(661,2,92,'2017-12-17 19:03:13','2017-12-17 19:03:13'),(662,2,99,'2017-12-17 19:03:13','2017-12-17 19:03:13'),(663,2,106,'2017-12-17 19:03:13','2017-12-17 19:03:13'),(664,2,113,'2017-12-17 19:03:13','2017-12-17 19:03:13'),(665,2,120,'2017-12-17 19:03:13','2017-12-17 19:03:13'),(666,2,127,'2017-12-17 19:03:13','2017-12-17 19:03:13'),(667,2,134,'2017-12-17 19:03:13','2017-12-17 19:03:13'),(668,2,141,'2017-12-17 19:03:14','2017-12-17 19:03:14'),(669,2,148,'2017-12-17 19:03:14','2017-12-17 19:03:14'),(670,2,155,'2017-12-17 19:03:14','2017-12-17 19:03:14'),(671,2,162,'2017-12-17 19:03:14','2017-12-17 19:03:14'),(672,2,169,'2017-12-17 19:03:14','2017-12-17 19:03:14'),(673,2,176,'2017-12-17 19:03:14','2017-12-17 19:03:14'),(674,2,183,'2017-12-17 19:03:14','2017-12-17 19:03:14'),(675,2,190,'2017-12-17 19:03:14','2017-12-17 19:03:14'),(676,2,197,'2017-12-17 19:03:14','2017-12-17 19:03:14'),(677,2,204,'2017-12-17 19:03:14','2017-12-17 19:03:14'),(678,2,64,'2017-12-17 19:03:14','2017-12-17 19:03:14'),(679,2,71,'2017-12-17 19:03:14','2017-12-17 19:03:14'),(680,2,78,'2017-12-17 19:03:14','2017-12-17 19:03:14'),(681,2,211,'2017-12-17 19:03:14','2017-12-17 19:03:14'),(682,2,223,'2017-12-17 19:03:14','2017-12-17 19:03:14'),(683,2,226,'2017-12-17 19:03:14','2017-12-17 19:03:14'),(684,2,233,'2017-12-17 19:03:14','2017-12-17 19:03:14'),(685,2,240,'2017-12-17 19:03:14','2017-12-17 19:03:14'),(686,2,247,'2017-12-17 19:03:14','2017-12-17 19:03:14'),(687,2,254,'2017-12-17 19:03:14','2017-12-17 19:03:14'),(688,2,266,'2017-12-17 19:03:14','2017-12-17 19:03:14'),(689,2,272,'2017-12-17 19:03:14','2017-12-17 19:03:14'),(690,2,275,'2017-12-17 19:03:15','2017-12-17 19:03:15'),(691,2,282,'2017-12-17 19:03:15','2017-12-17 19:03:15'),(692,2,286,'2017-12-17 19:03:15','2017-12-17 19:03:15'),(693,2,288,'2017-12-17 19:03:15','2017-12-17 19:03:15'),(694,2,295,'2017-12-17 19:03:15','2017-12-17 19:03:15'),(695,2,302,'2017-12-17 19:03:15','2017-12-17 19:03:15'),(696,2,309,'2017-12-17 19:03:15','2017-12-17 19:03:15'),(697,2,316,'2017-12-17 19:03:15','2017-12-17 19:03:15'),(698,2,327,'2017-12-17 19:03:15','2017-12-17 19:03:15'),(699,2,330,'2017-12-17 19:03:15','2017-12-17 19:03:15'),(700,2,337,'2017-12-17 19:03:15','2017-12-17 19:03:15'),(701,2,344,'2017-12-17 19:03:15','2017-12-17 19:03:15'),(702,2,353,'2017-12-17 19:03:15','2017-12-17 19:03:15'),(703,2,358,'2017-12-17 19:03:15','2017-12-17 19:03:15'),(704,2,365,'2017-12-17 19:03:15','2017-12-17 19:03:15'),(705,2,372,'2017-12-17 19:03:15','2017-12-17 19:03:15'),(706,2,381,'2017-12-17 19:03:15','2017-12-17 19:03:15'),(707,2,385,'2017-12-17 19:03:15','2017-12-17 19:03:15'),(708,2,392,'2017-12-17 19:03:15','2017-12-17 19:03:15'),(709,2,399,'2017-12-17 19:03:15','2017-12-17 19:03:15'),(710,2,406,'2017-12-17 19:03:15','2017-12-17 19:03:15'),(711,2,409,'2017-12-17 19:03:15','2017-12-17 19:03:15'),(712,2,412,'2017-12-17 19:03:16','2017-12-17 19:03:16'),(713,2,415,'2017-12-17 19:03:16','2017-12-17 19:03:16'),(714,2,418,'2017-12-17 19:03:16','2017-12-17 19:03:16'),(715,2,421,'2017-12-17 19:03:16','2017-12-17 19:03:16'),(716,2,424,'2017-12-17 19:03:16','2017-12-17 19:03:16'),(717,2,427,'2017-12-17 19:03:16','2017-12-17 19:03:16'),(718,2,430,'2017-12-17 19:03:16','2017-12-17 19:03:16'),(719,2,433,'2017-12-17 19:03:16','2017-12-17 19:03:16'),(720,2,436,'2017-12-17 19:03:16','2017-12-17 19:03:16'),(721,2,439,'2017-12-17 19:03:16','2017-12-17 19:03:16'),(722,2,442,'2017-12-17 19:03:16','2017-12-17 19:03:16'),(723,2,445,'2017-12-17 19:03:16','2017-12-17 19:03:16'),(724,2,448,'2017-12-17 19:03:16','2017-12-17 19:03:16'),(725,2,451,'2017-12-17 19:03:16','2017-12-17 19:03:16'),(726,2,454,'2017-12-17 19:03:16','2017-12-17 19:03:16'),(727,2,460,'2017-12-17 19:03:16','2017-12-17 19:03:16'),(728,2,463,'2017-12-17 19:03:16','2017-12-17 19:03:16'),(729,2,466,'2017-12-17 19:03:16','2017-12-17 19:03:16'),(730,2,469,'2017-12-17 19:03:16','2017-12-17 19:03:16'),(731,2,472,'2017-12-17 19:03:17','2017-12-17 19:03:17'),(732,2,475,'2017-12-17 19:03:17','2017-12-17 19:03:17'),(733,2,478,'2017-12-17 19:03:17','2017-12-17 19:03:17'),(734,2,481,'2017-12-17 19:03:17','2017-12-17 19:03:17'),(735,2,451,'2017-12-17 19:03:17','2017-12-17 19:03:17'),(736,2,484,'2017-12-17 19:03:17','2017-12-17 19:03:17'),(737,2,487,'2017-12-17 19:03:17','2017-12-17 19:03:17'),(738,2,490,'2017-12-17 19:03:17','2017-12-17 19:03:17'),(739,2,493,'2017-12-17 19:03:17','2017-12-17 19:03:17'),(740,2,496,'2017-12-17 19:03:17','2017-12-17 19:03:17'),(741,2,499,'2017-12-17 19:03:17','2017-12-17 19:03:17'),(742,2,502,'2017-12-17 19:03:17','2017-12-17 19:03:17'),(743,2,505,'2017-12-17 19:03:17','2017-12-17 19:03:17'),(744,2,508,'2017-12-17 19:03:17','2017-12-17 19:03:17'),(745,2,511,'2017-12-17 19:03:17','2017-12-17 19:03:17'),(746,2,514,'2017-12-17 19:03:17','2017-12-17 19:03:17'),(747,2,517,'2017-12-17 19:03:17','2017-12-17 19:03:17'),(748,2,520,'2017-12-17 19:03:17','2017-12-17 19:03:17'),(749,2,523,'2017-12-17 19:03:17','2017-12-17 19:03:17'),(750,2,526,'2017-12-17 19:03:17','2017-12-17 19:03:17'),(751,2,529,'2017-12-17 19:03:17','2017-12-17 19:03:17'),(752,2,532,'2017-12-17 19:03:17','2017-12-17 19:03:17'),(753,2,535,'2017-12-17 19:03:18','2017-12-17 19:03:18'),(754,2,538,'2017-12-17 19:03:18','2017-12-17 19:03:18'),(755,2,541,'2017-12-17 19:03:18','2017-12-17 19:03:18'),(756,2,544,'2017-12-17 19:03:18','2017-12-17 19:03:18'),(757,2,547,'2017-12-17 19:03:18','2017-12-17 19:03:18'),(758,2,547,'2017-12-17 19:03:18','2017-12-17 19:03:18'),(759,2,550,'2017-12-17 19:03:18','2017-12-17 19:03:18'),(760,2,553,'2017-12-17 19:03:18','2017-12-17 19:03:18'),(761,2,556,'2017-12-17 19:03:18','2017-12-17 19:03:18'),(762,2,559,'2017-12-17 19:03:18','2017-12-17 19:03:18'),(763,2,562,'2017-12-17 19:03:18','2017-12-17 19:03:18'),(764,2,565,'2017-12-17 19:03:18','2017-12-17 19:03:18'),(765,2,575,'2017-12-17 19:03:18','2017-12-17 19:03:18'),(766,2,585,'2017-12-17 19:03:18','2017-12-17 19:03:18'),(767,2,595,'2017-12-17 19:03:18','2017-12-17 19:03:18'),(768,2,605,'2017-12-17 19:03:18','2017-12-17 19:03:18'),(769,2,607,'2017-12-17 19:03:18','2017-12-17 19:03:18'),(770,2,609,'2017-12-17 19:03:18','2017-12-17 19:03:18'),(771,2,612,'2017-12-17 19:03:18','2017-12-17 19:03:18'),(772,2,613,'2017-12-17 19:03:18','2017-12-17 19:03:18'),(773,2,615,'2017-12-17 19:03:18','2017-12-17 19:03:18'),(774,2,617,'2017-12-17 19:03:18','2017-12-17 19:03:18'),(775,2,619,'2017-12-17 19:03:19','2017-12-17 19:03:19'),(776,2,622,'2017-12-17 19:03:19','2017-12-17 19:03:19'),(777,2,623,'2017-12-17 19:03:19','2017-12-17 19:03:19'),(778,2,626,'2017-12-17 19:03:19','2017-12-17 19:03:19'),(779,2,628,'2017-12-17 19:03:19','2017-12-17 19:03:19'),(780,2,629,'2017-12-17 19:03:19','2017-12-17 19:03:19'),(781,2,1,'2017-12-17 19:03:53','2017-12-17 19:03:53'),(782,2,8,'2017-12-17 19:03:53','2017-12-17 19:03:53'),(783,2,15,'2017-12-17 19:03:53','2017-12-17 19:03:53'),(784,2,22,'2017-12-17 19:03:53','2017-12-17 19:03:53'),(785,2,29,'2017-12-17 19:03:53','2017-12-17 19:03:53'),(786,2,36,'2017-12-17 19:03:53','2017-12-17 19:03:53'),(787,2,43,'2017-12-17 19:03:53','2017-12-17 19:03:53'),(788,2,50,'2017-12-17 19:03:54','2017-12-17 19:03:54'),(789,2,57,'2017-12-17 19:03:54','2017-12-17 19:03:54'),(790,2,85,'2017-12-17 19:03:54','2017-12-17 19:03:54'),(791,2,92,'2017-12-17 19:03:54','2017-12-17 19:03:54'),(792,2,99,'2017-12-17 19:03:54','2017-12-17 19:03:54'),(793,2,106,'2017-12-17 19:03:54','2017-12-17 19:03:54'),(794,2,113,'2017-12-17 19:03:54','2017-12-17 19:03:54'),(795,2,120,'2017-12-17 19:03:54','2017-12-17 19:03:54'),(796,2,127,'2017-12-17 19:03:54','2017-12-17 19:03:54'),(797,2,134,'2017-12-17 19:03:54','2017-12-17 19:03:54'),(798,2,141,'2017-12-17 19:03:54','2017-12-17 19:03:54'),(799,2,148,'2017-12-17 19:03:54','2017-12-17 19:03:54'),(800,2,155,'2017-12-17 19:03:54','2017-12-17 19:03:54'),(801,2,162,'2017-12-17 19:03:54','2017-12-17 19:03:54'),(802,2,169,'2017-12-17 19:03:54','2017-12-17 19:03:54'),(803,2,176,'2017-12-17 19:03:54','2017-12-17 19:03:54'),(804,2,183,'2017-12-17 19:03:54','2017-12-17 19:03:54'),(805,2,190,'2017-12-17 19:03:54','2017-12-17 19:03:54'),(806,2,197,'2017-12-17 19:03:54','2017-12-17 19:03:54'),(807,2,204,'2017-12-17 19:03:54','2017-12-17 19:03:54'),(808,2,64,'2017-12-17 19:03:55','2017-12-17 19:03:55'),(809,2,71,'2017-12-17 19:03:55','2017-12-17 19:03:55'),(810,2,78,'2017-12-17 19:03:55','2017-12-17 19:03:55'),(811,2,211,'2017-12-17 19:03:55','2017-12-17 19:03:55'),(812,2,219,'2017-12-17 19:03:55','2017-12-17 19:03:55'),(813,2,226,'2017-12-17 19:03:55','2017-12-17 19:03:55'),(814,2,233,'2017-12-17 19:03:55','2017-12-17 19:03:55'),(815,2,240,'2017-12-17 19:03:55','2017-12-17 19:03:55'),(816,2,247,'2017-12-17 19:03:55','2017-12-17 19:03:55'),(817,2,254,'2017-12-17 19:03:55','2017-12-17 19:03:55'),(818,2,261,'2017-12-17 19:03:55','2017-12-17 19:03:55'),(819,2,268,'2017-12-17 19:03:55','2017-12-17 19:03:55'),(820,2,275,'2017-12-17 19:03:55','2017-12-17 19:03:55'),(821,2,282,'2017-12-17 19:03:55','2017-12-17 19:03:55'),(822,2,286,'2017-12-17 19:03:55','2017-12-17 19:03:55'),(823,2,288,'2017-12-17 19:03:55','2017-12-17 19:03:55'),(824,2,295,'2017-12-17 19:03:56','2017-12-17 19:03:56'),(825,2,302,'2017-12-17 19:03:56','2017-12-17 19:03:56'),(826,2,309,'2017-12-17 19:03:56','2017-12-17 19:03:56'),(827,2,316,'2017-12-17 19:03:56','2017-12-17 19:03:56'),(828,2,323,'2017-12-17 19:03:56','2017-12-17 19:03:56'),(829,2,330,'2017-12-17 19:03:56','2017-12-17 19:03:56'),(830,2,337,'2017-12-17 19:03:56','2017-12-17 19:03:56'),(831,2,344,'2017-12-17 19:03:56','2017-12-17 19:03:56'),(832,2,351,'2017-12-17 19:03:56','2017-12-17 19:03:56'),(833,2,358,'2017-12-17 19:03:56','2017-12-17 19:03:56'),(834,2,365,'2017-12-17 19:03:56','2017-12-17 19:03:56'),(835,2,372,'2017-12-17 19:03:56','2017-12-17 19:03:56'),(836,2,378,'2017-12-17 19:03:56','2017-12-17 19:03:56'),(837,2,385,'2017-12-17 19:03:56','2017-12-17 19:03:56'),(838,2,392,'2017-12-17 19:03:56','2017-12-17 19:03:56'),(839,2,399,'2017-12-17 19:03:56','2017-12-17 19:03:56'),(840,2,406,'2017-12-17 19:03:56','2017-12-17 19:03:56'),(841,2,409,'2017-12-17 19:03:56','2017-12-17 19:03:56'),(842,2,412,'2017-12-17 19:03:56','2017-12-17 19:03:56'),(843,2,415,'2017-12-17 19:03:56','2017-12-17 19:03:56'),(844,2,418,'2017-12-17 19:03:57','2017-12-17 19:03:57'),(845,2,421,'2017-12-17 19:03:57','2017-12-17 19:03:57'),(846,2,424,'2017-12-17 19:03:57','2017-12-17 19:03:57'),(847,2,427,'2017-12-17 19:03:57','2017-12-17 19:03:57'),(848,2,430,'2017-12-17 19:03:57','2017-12-17 19:03:57'),(849,2,433,'2017-12-17 19:03:57','2017-12-17 19:03:57'),(850,2,436,'2017-12-17 19:03:57','2017-12-17 19:03:57'),(851,2,439,'2017-12-17 19:03:57','2017-12-17 19:03:57'),(852,2,442,'2017-12-17 19:03:57','2017-12-17 19:03:57'),(853,2,445,'2017-12-17 19:03:57','2017-12-17 19:03:57'),(854,2,448,'2017-12-17 19:03:57','2017-12-17 19:03:57'),(855,2,451,'2017-12-17 19:03:57','2017-12-17 19:03:57'),(856,2,454,'2017-12-17 19:03:57','2017-12-17 19:03:57'),(857,2,460,'2017-12-17 19:03:57','2017-12-17 19:03:57'),(858,2,463,'2017-12-17 19:03:57','2017-12-17 19:03:57'),(859,2,466,'2017-12-17 19:03:57','2017-12-17 19:03:57'),(860,2,469,'2017-12-17 19:03:57','2017-12-17 19:03:57'),(861,2,472,'2017-12-17 19:03:57','2017-12-17 19:03:57'),(862,2,475,'2017-12-17 19:03:57','2017-12-17 19:03:57'),(863,2,478,'2017-12-17 19:03:57','2017-12-17 19:03:57'),(864,2,481,'2017-12-17 19:03:57','2017-12-17 19:03:57'),(865,2,451,'2017-12-17 19:03:58','2017-12-17 19:03:58'),(866,2,484,'2017-12-17 19:03:58','2017-12-17 19:03:58'),(867,2,487,'2017-12-17 19:03:58','2017-12-17 19:03:58'),(868,2,490,'2017-12-17 19:03:58','2017-12-17 19:03:58'),(869,2,493,'2017-12-17 19:03:58','2017-12-17 19:03:58'),(870,2,496,'2017-12-17 19:03:58','2017-12-17 19:03:58'),(871,2,499,'2017-12-17 19:03:58','2017-12-17 19:03:58'),(872,2,502,'2017-12-17 19:03:58','2017-12-17 19:03:58'),(873,2,505,'2017-12-17 19:03:58','2017-12-17 19:03:58'),(874,2,508,'2017-12-17 19:03:58','2017-12-17 19:03:58'),(875,2,511,'2017-12-17 19:03:58','2017-12-17 19:03:58'),(876,2,514,'2017-12-17 19:03:58','2017-12-17 19:03:58'),(877,2,517,'2017-12-17 19:03:58','2017-12-17 19:03:58'),(878,2,520,'2017-12-17 19:03:58','2017-12-17 19:03:58'),(879,2,523,'2017-12-17 19:03:58','2017-12-17 19:03:58'),(880,2,526,'2017-12-17 19:03:58','2017-12-17 19:03:58'),(881,2,529,'2017-12-17 19:03:58','2017-12-17 19:03:58'),(882,2,532,'2017-12-17 19:03:58','2017-12-17 19:03:58'),(883,2,535,'2017-12-17 19:03:58','2017-12-17 19:03:58'),(884,2,538,'2017-12-17 19:03:58','2017-12-17 19:03:58'),(885,2,541,'2017-12-17 19:03:58','2017-12-17 19:03:58'),(886,2,544,'2017-12-17 19:03:59','2017-12-17 19:03:59'),(887,2,547,'2017-12-17 19:03:59','2017-12-17 19:03:59'),(888,2,547,'2017-12-17 19:03:59','2017-12-17 19:03:59'),(889,2,550,'2017-12-17 19:03:59','2017-12-17 19:03:59'),(890,2,553,'2017-12-17 19:03:59','2017-12-17 19:03:59'),(891,2,556,'2017-12-17 19:03:59','2017-12-17 19:03:59'),(892,2,559,'2017-12-17 19:03:59','2017-12-17 19:03:59'),(893,2,562,'2017-12-17 19:03:59','2017-12-17 19:03:59'),(894,2,565,'2017-12-17 19:03:59','2017-12-17 19:03:59'),(895,2,575,'2017-12-17 19:03:59','2017-12-17 19:03:59'),(896,2,585,'2017-12-17 19:04:00','2017-12-17 19:04:00'),(897,2,595,'2017-12-17 19:04:00','2017-12-17 19:04:00'),(898,2,605,'2017-12-17 19:04:00','2017-12-17 19:04:00'),(899,2,607,'2017-12-17 19:04:00','2017-12-17 19:04:00'),(900,2,609,'2017-12-17 19:04:00','2017-12-17 19:04:00'),(901,2,611,'2017-12-17 19:04:00','2017-12-17 19:04:00'),(902,2,613,'2017-12-17 19:04:00','2017-12-17 19:04:00'),(903,2,615,'2017-12-17 19:04:00','2017-12-17 19:04:00'),(904,2,617,'2017-12-17 19:04:00','2017-12-17 19:04:00'),(905,2,619,'2017-12-17 19:04:00','2017-12-17 19:04:00'),(906,2,621,'2017-12-17 19:04:00','2017-12-17 19:04:00'),(907,2,623,'2017-12-17 19:04:00','2017-12-17 19:04:00'),(908,2,625,'2017-12-17 19:04:00','2017-12-17 19:04:00'),(909,2,627,'2017-12-17 19:04:00','2017-12-17 19:04:00'),(910,2,629,'2017-12-17 19:04:00','2017-12-17 19:04:00'),(911,3,1,'2017-12-17 23:18:08','2017-12-17 23:18:08'),(912,3,8,'2017-12-17 23:18:08','2017-12-17 23:18:08'),(913,3,15,'2017-12-17 23:18:08','2017-12-17 23:18:08'),(914,3,22,'2017-12-17 23:18:08','2017-12-17 23:18:08'),(915,3,29,'2017-12-17 23:18:08','2017-12-17 23:18:08'),(916,3,36,'2017-12-17 23:18:08','2017-12-17 23:18:08'),(917,3,43,'2017-12-17 23:18:08','2017-12-17 23:18:08'),(918,3,50,'2017-12-17 23:18:08','2017-12-17 23:18:08'),(919,3,57,'2017-12-17 23:18:09','2017-12-17 23:18:09'),(920,3,85,'2017-12-17 23:18:09','2017-12-17 23:18:09'),(921,3,92,'2017-12-17 23:18:09','2017-12-17 23:18:09'),(922,3,99,'2017-12-17 23:18:09','2017-12-17 23:18:09'),(923,3,106,'2017-12-17 23:18:09','2017-12-17 23:18:09'),(924,3,113,'2017-12-17 23:18:09','2017-12-17 23:18:09'),(925,3,120,'2017-12-17 23:18:09','2017-12-17 23:18:09'),(926,3,127,'2017-12-17 23:18:09','2017-12-17 23:18:09'),(927,3,134,'2017-12-17 23:18:09','2017-12-17 23:18:09'),(928,3,141,'2017-12-17 23:18:09','2017-12-17 23:18:09'),(929,3,148,'2017-12-17 23:18:09','2017-12-17 23:18:09'),(930,3,155,'2017-12-17 23:18:09','2017-12-17 23:18:09'),(931,3,162,'2017-12-17 23:18:09','2017-12-17 23:18:09'),(932,3,169,'2017-12-17 23:18:09','2017-12-17 23:18:09'),(933,3,176,'2017-12-17 23:18:09','2017-12-17 23:18:09'),(934,3,183,'2017-12-17 23:18:09','2017-12-17 23:18:09'),(935,3,190,'2017-12-17 23:18:09','2017-12-17 23:18:09'),(936,3,197,'2017-12-17 23:18:09','2017-12-17 23:18:09'),(937,3,204,'2017-12-17 23:18:09','2017-12-17 23:18:09'),(938,3,64,'2017-12-17 23:18:09','2017-12-17 23:18:09'),(939,3,71,'2017-12-17 23:18:09','2017-12-17 23:18:09'),(940,3,78,'2017-12-17 23:18:09','2017-12-17 23:18:09'),(941,3,211,'2017-12-17 23:18:10','2017-12-17 23:18:10'),(942,3,219,'2017-12-17 23:18:10','2017-12-17 23:18:10'),(943,3,226,'2017-12-17 23:18:10','2017-12-17 23:18:10'),(944,3,233,'2017-12-17 23:18:10','2017-12-17 23:18:10'),(945,3,240,'2017-12-17 23:18:10','2017-12-17 23:18:10'),(946,3,247,'2017-12-17 23:18:10','2017-12-17 23:18:10'),(947,3,254,'2017-12-17 23:18:10','2017-12-17 23:18:10'),(948,3,261,'2017-12-17 23:18:10','2017-12-17 23:18:10'),(949,3,268,'2017-12-17 23:18:10','2017-12-17 23:18:10'),(950,3,275,'2017-12-17 23:18:10','2017-12-17 23:18:10'),(951,3,282,'2017-12-17 23:18:10','2017-12-17 23:18:10'),(952,3,286,'2017-12-17 23:18:10','2017-12-17 23:18:10'),(953,3,288,'2017-12-17 23:18:10','2017-12-17 23:18:10'),(954,3,295,'2017-12-17 23:18:10','2017-12-17 23:18:10'),(955,3,302,'2017-12-17 23:18:10','2017-12-17 23:18:10'),(956,3,309,'2017-12-17 23:18:10','2017-12-17 23:18:10'),(957,3,316,'2017-12-17 23:18:10','2017-12-17 23:18:10'),(958,3,323,'2017-12-17 23:18:10','2017-12-17 23:18:10'),(959,3,330,'2017-12-17 23:18:10','2017-12-17 23:18:10'),(960,3,337,'2017-12-17 23:18:10','2017-12-17 23:18:10'),(961,3,344,'2017-12-17 23:18:10','2017-12-17 23:18:10'),(962,3,351,'2017-12-17 23:18:10','2017-12-17 23:18:10'),(963,3,358,'2017-12-17 23:18:11','2017-12-17 23:18:11'),(964,3,365,'2017-12-17 23:18:11','2017-12-17 23:18:11'),(965,3,372,'2017-12-17 23:18:11','2017-12-17 23:18:11'),(966,3,378,'2017-12-17 23:18:11','2017-12-17 23:18:11'),(967,3,385,'2017-12-17 23:18:11','2017-12-17 23:18:11'),(968,3,392,'2017-12-17 23:18:11','2017-12-17 23:18:11'),(969,3,399,'2017-12-17 23:18:11','2017-12-17 23:18:11'),(970,3,406,'2017-12-17 23:18:11','2017-12-17 23:18:11'),(971,3,409,'2017-12-17 23:18:11','2017-12-17 23:18:11'),(972,3,412,'2017-12-17 23:18:11','2017-12-17 23:18:11'),(973,3,415,'2017-12-17 23:18:11','2017-12-17 23:18:11'),(974,3,418,'2017-12-17 23:18:11','2017-12-17 23:18:11'),(975,3,421,'2017-12-17 23:18:11','2017-12-17 23:18:11'),(976,3,424,'2017-12-17 23:18:11','2017-12-17 23:18:11'),(977,3,427,'2017-12-17 23:18:11','2017-12-17 23:18:11'),(978,3,430,'2017-12-17 23:18:11','2017-12-17 23:18:11'),(979,3,433,'2017-12-17 23:18:11','2017-12-17 23:18:11'),(980,3,436,'2017-12-17 23:18:11','2017-12-17 23:18:11'),(981,3,439,'2017-12-17 23:18:11','2017-12-17 23:18:11'),(982,3,442,'2017-12-17 23:18:12','2017-12-17 23:18:12'),(983,3,445,'2017-12-17 23:18:12','2017-12-17 23:18:12'),(984,3,448,'2017-12-17 23:18:12','2017-12-17 23:18:12'),(985,3,451,'2017-12-17 23:18:12','2017-12-17 23:18:12'),(986,3,454,'2017-12-17 23:18:12','2017-12-17 23:18:12'),(987,3,460,'2017-12-17 23:18:12','2017-12-17 23:18:12'),(988,3,463,'2017-12-17 23:18:12','2017-12-17 23:18:12'),(989,3,466,'2017-12-17 23:18:12','2017-12-17 23:18:12'),(990,3,469,'2017-12-17 23:18:12','2017-12-17 23:18:12'),(991,3,472,'2017-12-17 23:18:12','2017-12-17 23:18:12'),(992,3,475,'2017-12-17 23:18:12','2017-12-17 23:18:12'),(993,3,478,'2017-12-17 23:18:12','2017-12-17 23:18:12'),(994,3,481,'2017-12-17 23:18:12','2017-12-17 23:18:12'),(995,3,451,'2017-12-17 23:18:12','2017-12-17 23:18:12'),(996,3,484,'2017-12-17 23:18:12','2017-12-17 23:18:12'),(997,3,487,'2017-12-17 23:18:12','2017-12-17 23:18:12'),(998,3,490,'2017-12-17 23:18:12','2017-12-17 23:18:12'),(999,3,493,'2017-12-17 23:18:12','2017-12-17 23:18:12'),(1000,3,496,'2017-12-17 23:18:12','2017-12-17 23:18:12'),(1001,3,499,'2017-12-17 23:18:12','2017-12-17 23:18:12'),(1002,3,502,'2017-12-17 23:18:12','2017-12-17 23:18:12'),(1003,3,505,'2017-12-17 23:18:12','2017-12-17 23:18:12'),(1004,3,508,'2017-12-17 23:18:12','2017-12-17 23:18:12'),(1005,3,511,'2017-12-17 23:18:12','2017-12-17 23:18:12'),(1006,3,514,'2017-12-17 23:18:13','2017-12-17 23:18:13'),(1007,3,517,'2017-12-17 23:18:13','2017-12-17 23:18:13'),(1008,3,520,'2017-12-17 23:18:13','2017-12-17 23:18:13'),(1009,3,523,'2017-12-17 23:18:13','2017-12-17 23:18:13'),(1010,3,526,'2017-12-17 23:18:13','2017-12-17 23:18:13'),(1011,3,529,'2017-12-17 23:18:13','2017-12-17 23:18:13'),(1012,3,532,'2017-12-17 23:18:13','2017-12-17 23:18:13'),(1013,3,535,'2017-12-17 23:18:13','2017-12-17 23:18:13'),(1014,3,538,'2017-12-17 23:18:13','2017-12-17 23:18:13'),(1015,3,541,'2017-12-17 23:18:13','2017-12-17 23:18:13'),(1016,3,544,'2017-12-17 23:18:13','2017-12-17 23:18:13'),(1017,3,547,'2017-12-17 23:18:13','2017-12-17 23:18:13'),(1018,3,547,'2017-12-17 23:18:13','2017-12-17 23:18:13'),(1019,3,550,'2017-12-17 23:18:13','2017-12-17 23:18:13'),(1020,3,553,'2017-12-17 23:18:13','2017-12-17 23:18:13'),(1021,3,556,'2017-12-17 23:18:13','2017-12-17 23:18:13'),(1022,3,559,'2017-12-17 23:18:13','2017-12-17 23:18:13'),(1023,3,562,'2017-12-17 23:18:13','2017-12-17 23:18:13'),(1024,3,565,'2017-12-17 23:18:13','2017-12-17 23:18:13'),(1025,3,575,'2017-12-17 23:18:13','2017-12-17 23:18:13'),(1026,3,585,'2017-12-17 23:18:14','2017-12-17 23:18:14'),(1027,3,595,'2017-12-17 23:18:14','2017-12-17 23:18:14'),(1028,3,605,'2017-12-17 23:18:14','2017-12-17 23:18:14'),(1029,3,607,'2017-12-17 23:18:14','2017-12-17 23:18:14'),(1030,3,609,'2017-12-17 23:18:14','2017-12-17 23:18:14'),(1031,3,611,'2017-12-17 23:18:14','2017-12-17 23:18:14'),(1032,3,613,'2017-12-17 23:18:14','2017-12-17 23:18:14'),(1033,3,615,'2017-12-17 23:18:14','2017-12-17 23:18:14'),(1034,3,617,'2017-12-17 23:18:14','2017-12-17 23:18:14'),(1035,3,619,'2017-12-17 23:18:14','2017-12-17 23:18:14'),(1036,3,621,'2017-12-17 23:18:14','2017-12-17 23:18:14'),(1037,3,623,'2017-12-17 23:18:14','2017-12-17 23:18:14'),(1038,3,625,'2017-12-17 23:18:14','2017-12-17 23:18:14'),(1039,3,627,'2017-12-17 23:18:14','2017-12-17 23:18:14'),(1040,3,629,'2017-12-17 23:18:14','2017-12-17 23:18:14'),(1041,4,1,'2017-12-18 17:33:55','2017-12-18 17:33:55'),(1042,4,8,'2017-12-18 17:33:55','2017-12-18 17:33:55'),(1043,4,15,'2017-12-18 17:33:55','2017-12-18 17:33:55'),(1044,4,22,'2017-12-18 17:33:55','2017-12-18 17:33:55'),(1045,4,29,'2017-12-18 17:33:55','2017-12-18 17:33:55'),(1046,4,36,'2017-12-18 17:33:55','2017-12-18 17:33:55'),(1047,4,43,'2017-12-18 17:33:55','2017-12-18 17:33:55'),(1048,4,50,'2017-12-18 17:33:55','2017-12-18 17:33:55'),(1049,4,57,'2017-12-18 17:33:55','2017-12-18 17:33:55'),(1050,4,85,'2017-12-18 17:33:55','2017-12-18 17:33:55'),(1051,4,92,'2017-12-18 17:33:55','2017-12-18 17:33:55'),(1052,4,99,'2017-12-18 17:33:55','2017-12-18 17:33:55'),(1053,4,106,'2017-12-18 17:33:55','2017-12-18 17:33:55'),(1054,4,113,'2017-12-18 17:33:55','2017-12-18 17:33:55'),(1055,4,120,'2017-12-18 17:33:55','2017-12-18 17:33:55'),(1056,4,127,'2017-12-18 17:33:55','2017-12-18 17:33:55'),(1057,4,134,'2017-12-18 17:33:55','2017-12-18 17:33:55'),(1058,4,141,'2017-12-18 17:33:55','2017-12-18 17:33:55'),(1059,4,148,'2017-12-18 17:33:55','2017-12-18 17:33:55'),(1060,4,155,'2017-12-18 17:33:55','2017-12-18 17:33:55'),(1061,4,162,'2017-12-18 17:33:56','2017-12-18 17:33:56'),(1062,4,169,'2017-12-18 17:33:56','2017-12-18 17:33:56'),(1063,4,176,'2017-12-18 17:33:56','2017-12-18 17:33:56'),(1064,4,183,'2017-12-18 17:33:56','2017-12-18 17:33:56'),(1065,4,190,'2017-12-18 17:33:56','2017-12-18 17:33:56'),(1066,4,197,'2017-12-18 17:33:56','2017-12-18 17:33:56'),(1067,4,204,'2017-12-18 17:33:56','2017-12-18 17:33:56'),(1068,4,64,'2017-12-18 17:33:56','2017-12-18 17:33:56'),(1069,4,71,'2017-12-18 17:33:56','2017-12-18 17:33:56'),(1070,4,78,'2017-12-18 17:33:56','2017-12-18 17:33:56'),(1071,4,211,'2017-12-18 17:33:56','2017-12-18 17:33:56'),(1072,4,219,'2017-12-18 17:33:56','2017-12-18 17:33:56'),(1073,4,226,'2017-12-18 17:33:56','2017-12-18 17:33:56'),(1074,4,233,'2017-12-18 17:33:56','2017-12-18 17:33:56'),(1075,4,240,'2017-12-18 17:33:56','2017-12-18 17:33:56'),(1076,4,247,'2017-12-18 17:33:56','2017-12-18 17:33:56'),(1077,4,254,'2017-12-18 17:33:56','2017-12-18 17:33:56'),(1078,4,261,'2017-12-18 17:33:56','2017-12-18 17:33:56'),(1079,4,268,'2017-12-18 17:33:56','2017-12-18 17:33:56'),(1080,4,275,'2017-12-18 17:33:56','2017-12-18 17:33:56'),(1081,4,282,'2017-12-18 17:33:56','2017-12-18 17:33:56'),(1082,4,286,'2017-12-18 17:33:56','2017-12-18 17:33:56'),(1083,4,288,'2017-12-18 17:33:57','2017-12-18 17:33:57'),(1084,4,295,'2017-12-18 17:33:57','2017-12-18 17:33:57'),(1085,4,302,'2017-12-18 17:33:57','2017-12-18 17:33:57'),(1086,4,309,'2017-12-18 17:33:57','2017-12-18 17:33:57'),(1087,4,316,'2017-12-18 17:33:57','2017-12-18 17:33:57'),(1088,4,323,'2017-12-18 17:33:57','2017-12-18 17:33:57'),(1089,4,330,'2017-12-18 17:33:57','2017-12-18 17:33:57'),(1090,4,337,'2017-12-18 17:33:57','2017-12-18 17:33:57'),(1091,4,344,'2017-12-18 17:33:57','2017-12-18 17:33:57'),(1092,4,351,'2017-12-18 17:33:57','2017-12-18 17:33:57'),(1093,4,358,'2017-12-18 17:33:57','2017-12-18 17:33:57'),(1094,4,365,'2017-12-18 17:33:57','2017-12-18 17:33:57'),(1095,4,372,'2017-12-18 17:33:57','2017-12-18 17:33:57'),(1096,4,378,'2017-12-18 17:33:57','2017-12-18 17:33:57'),(1097,4,385,'2017-12-18 17:33:57','2017-12-18 17:33:57'),(1098,4,392,'2017-12-18 17:33:57','2017-12-18 17:33:57'),(1099,4,399,'2017-12-18 17:33:57','2017-12-18 17:33:57'),(1100,4,406,'2017-12-18 17:33:57','2017-12-18 17:33:57'),(1101,4,409,'2017-12-18 17:33:57','2017-12-18 17:33:57'),(1102,4,413,'2017-12-18 17:33:57','2017-12-18 17:33:57'),(1103,4,415,'2017-12-18 17:33:57','2017-12-18 17:33:57'),(1104,4,418,'2017-12-18 17:33:57','2017-12-18 17:33:57'),(1105,4,421,'2017-12-18 17:33:57','2017-12-18 17:33:57'),(1106,4,424,'2017-12-18 17:33:58','2017-12-18 17:33:58'),(1107,4,427,'2017-12-18 17:33:58','2017-12-18 17:33:58'),(1108,4,430,'2017-12-18 17:33:58','2017-12-18 17:33:58'),(1109,4,433,'2017-12-18 17:33:58','2017-12-18 17:33:58'),(1110,4,436,'2017-12-18 17:33:58','2017-12-18 17:33:58'),(1111,4,439,'2017-12-18 17:33:58','2017-12-18 17:33:58'),(1112,4,443,'2017-12-18 17:33:58','2017-12-18 17:33:58'),(1113,4,445,'2017-12-18 17:33:58','2017-12-18 17:33:58'),(1114,4,448,'2017-12-18 17:33:58','2017-12-18 17:33:58'),(1115,4,451,'2017-12-18 17:33:58','2017-12-18 17:33:58'),(1116,4,455,'2017-12-18 17:33:58','2017-12-18 17:33:58'),(1117,4,461,'2017-12-18 17:33:58','2017-12-18 17:33:58'),(1118,4,463,'2017-12-18 17:33:58','2017-12-18 17:33:58'),(1119,4,467,'2017-12-18 17:33:58','2017-12-18 17:33:58'),(1120,4,469,'2017-12-18 17:33:58','2017-12-18 17:33:58'),(1121,4,472,'2017-12-18 17:33:58','2017-12-18 17:33:58'),(1122,4,475,'2017-12-18 17:33:58','2017-12-18 17:33:58'),(1123,4,478,'2017-12-18 17:33:58','2017-12-18 17:33:58'),(1124,4,481,'2017-12-18 17:33:58','2017-12-18 17:33:58'),(1125,4,451,'2017-12-18 17:33:58','2017-12-18 17:33:58'),(1126,4,484,'2017-12-18 17:33:58','2017-12-18 17:33:58'),(1127,4,487,'2017-12-18 17:33:58','2017-12-18 17:33:58'),(1128,4,490,'2017-12-18 17:33:59','2017-12-18 17:33:59'),(1129,4,493,'2017-12-18 17:33:59','2017-12-18 17:33:59'),(1130,4,496,'2017-12-18 17:33:59','2017-12-18 17:33:59'),(1131,4,499,'2017-12-18 17:33:59','2017-12-18 17:33:59'),(1132,4,502,'2017-12-18 17:33:59','2017-12-18 17:33:59'),(1133,4,505,'2017-12-18 17:33:59','2017-12-18 17:33:59'),(1134,4,508,'2017-12-18 17:33:59','2017-12-18 17:33:59'),(1135,4,511,'2017-12-18 17:33:59','2017-12-18 17:33:59'),(1136,4,514,'2017-12-18 17:33:59','2017-12-18 17:33:59'),(1137,4,517,'2017-12-18 17:33:59','2017-12-18 17:33:59'),(1138,4,520,'2017-12-18 17:33:59','2017-12-18 17:33:59'),(1139,4,523,'2017-12-18 17:33:59','2017-12-18 17:33:59'),(1140,4,526,'2017-12-18 17:33:59','2017-12-18 17:33:59'),(1141,4,529,'2017-12-18 17:33:59','2017-12-18 17:33:59'),(1142,4,532,'2017-12-18 17:33:59','2017-12-18 17:33:59'),(1143,4,535,'2017-12-18 17:33:59','2017-12-18 17:33:59'),(1144,4,538,'2017-12-18 17:33:59','2017-12-18 17:33:59'),(1145,4,541,'2017-12-18 17:33:59','2017-12-18 17:33:59'),(1146,4,544,'2017-12-18 17:33:59','2017-12-18 17:33:59'),(1147,4,548,'2017-12-18 17:33:59','2017-12-18 17:33:59'),(1148,4,548,'2017-12-18 17:33:59','2017-12-18 17:33:59'),(1149,4,550,'2017-12-18 17:33:59','2017-12-18 17:33:59'),(1150,4,554,'2017-12-18 17:34:00','2017-12-18 17:34:00'),(1151,4,556,'2017-12-18 17:34:00','2017-12-18 17:34:00'),(1152,4,559,'2017-12-18 17:34:00','2017-12-18 17:34:00'),(1153,4,562,'2017-12-18 17:34:00','2017-12-18 17:34:00'),(1154,4,565,'2017-12-18 17:34:00','2017-12-18 17:34:00'),(1155,4,575,'2017-12-18 17:34:00','2017-12-18 17:34:00'),(1156,4,585,'2017-12-18 17:34:00','2017-12-18 17:34:00'),(1157,4,595,'2017-12-18 17:34:00','2017-12-18 17:34:00'),(1158,4,605,'2017-12-18 17:34:00','2017-12-18 17:34:00'),(1159,4,607,'2017-12-18 17:34:00','2017-12-18 17:34:00'),(1160,4,609,'2017-12-18 17:34:00','2017-12-18 17:34:00'),(1161,4,611,'2017-12-18 17:34:00','2017-12-18 17:34:00'),(1162,4,613,'2017-12-18 17:34:00','2017-12-18 17:34:00'),(1163,4,615,'2017-12-18 17:34:00','2017-12-18 17:34:00'),(1164,4,617,'2017-12-18 17:34:00','2017-12-18 17:34:00'),(1165,4,619,'2017-12-18 17:34:00','2017-12-18 17:34:00'),(1166,4,621,'2017-12-18 17:34:00','2017-12-18 17:34:00'),(1167,4,623,'2017-12-18 17:34:00','2017-12-18 17:34:00'),(1168,4,625,'2017-12-18 17:34:00','2017-12-18 17:34:00'),(1169,4,627,'2017-12-18 17:34:01','2017-12-18 17:34:01'),(1170,4,629,'2017-12-18 17:34:01','2017-12-18 17:34:01'),(1171,5,1,'2017-12-22 22:14:19','2017-12-22 22:14:19'),(1172,5,8,'2017-12-22 22:14:19','2017-12-22 22:14:19'),(1173,5,17,'2017-12-22 22:14:19','2017-12-22 22:14:19'),(1174,5,22,'2017-12-22 22:14:19','2017-12-22 22:14:19'),(1175,5,29,'2017-12-22 22:14:19','2017-12-22 22:14:19'),(1176,5,36,'2017-12-22 22:14:19','2017-12-22 22:14:19'),(1177,5,43,'2017-12-22 22:14:19','2017-12-22 22:14:19'),(1178,5,54,'2017-12-22 22:14:19','2017-12-22 22:14:19'),(1179,5,57,'2017-12-22 22:14:19','2017-12-22 22:14:19'),(1180,5,86,'2017-12-22 22:14:19','2017-12-22 22:14:19'),(1181,5,92,'2017-12-22 22:14:19','2017-12-22 22:14:19'),(1182,5,99,'2017-12-22 22:14:19','2017-12-22 22:14:19'),(1183,5,106,'2017-12-22 22:14:19','2017-12-22 22:14:19'),(1184,5,113,'2017-12-22 22:14:20','2017-12-22 22:14:20'),(1185,5,120,'2017-12-22 22:14:20','2017-12-22 22:14:20'),(1186,5,127,'2017-12-22 22:14:20','2017-12-22 22:14:20'),(1187,5,134,'2017-12-22 22:14:20','2017-12-22 22:14:20'),(1188,5,141,'2017-12-22 22:14:20','2017-12-22 22:14:20'),(1189,5,148,'2017-12-22 22:14:20','2017-12-22 22:14:20'),(1190,5,155,'2017-12-22 22:14:20','2017-12-22 22:14:20'),(1191,5,162,'2017-12-22 22:14:20','2017-12-22 22:14:20'),(1192,5,169,'2017-12-22 22:14:20','2017-12-22 22:14:20'),(1193,5,180,'2017-12-22 22:14:20','2017-12-22 22:14:20'),(1194,5,183,'2017-12-22 22:14:20','2017-12-22 22:14:20'),(1195,5,190,'2017-12-22 22:14:20','2017-12-22 22:14:20'),(1196,5,197,'2017-12-22 22:14:20','2017-12-22 22:14:20'),(1197,5,204,'2017-12-22 22:14:20','2017-12-22 22:14:20'),(1198,5,65,'2017-12-22 22:14:20','2017-12-22 22:14:20'),(1199,5,71,'2017-12-22 22:14:20','2017-12-22 22:14:20'),(1200,5,80,'2017-12-22 22:14:20','2017-12-22 22:14:20'),(1201,5,211,'2017-12-22 22:14:21','2017-12-22 22:14:21'),(1202,5,223,'2017-12-22 22:14:21','2017-12-22 22:14:21'),(1203,5,226,'2017-12-22 22:14:21','2017-12-22 22:14:21'),(1204,5,235,'2017-12-22 22:14:21','2017-12-22 22:14:21'),(1205,5,240,'2017-12-22 22:14:21','2017-12-22 22:14:21'),(1206,5,253,'2017-12-22 22:14:21','2017-12-22 22:14:21'),(1207,5,254,'2017-12-22 22:14:21','2017-12-22 22:14:21'),(1208,5,261,'2017-12-22 22:14:21','2017-12-22 22:14:21'),(1209,5,268,'2017-12-22 22:14:21','2017-12-22 22:14:21'),(1210,5,275,'2017-12-22 22:14:21','2017-12-22 22:14:21'),(1211,5,282,'2017-12-22 22:14:21','2017-12-22 22:14:21'),(1212,5,286,'2017-12-22 22:14:22','2017-12-22 22:14:22'),(1213,5,288,'2017-12-22 22:14:22','2017-12-22 22:14:22'),(1214,5,295,'2017-12-22 22:14:22','2017-12-22 22:14:22'),(1215,5,302,'2017-12-22 22:14:22','2017-12-22 22:14:22'),(1216,5,309,'2017-12-22 22:14:22','2017-12-22 22:14:22'),(1217,5,316,'2017-12-22 22:14:22','2017-12-22 22:14:22'),(1218,5,323,'2017-12-22 22:14:22','2017-12-22 22:14:22'),(1219,5,330,'2017-12-22 22:14:22','2017-12-22 22:14:22'),(1220,5,337,'2017-12-22 22:14:22','2017-12-22 22:14:22'),(1221,5,344,'2017-12-22 22:14:22','2017-12-22 22:14:22'),(1222,5,351,'2017-12-22 22:14:22','2017-12-22 22:14:22'),(1223,5,358,'2017-12-22 22:14:22','2017-12-22 22:14:22'),(1224,5,365,'2017-12-22 22:14:22','2017-12-22 22:14:22'),(1225,5,372,'2017-12-22 22:14:22','2017-12-22 22:14:22'),(1226,5,378,'2017-12-22 22:14:22','2017-12-22 22:14:22'),(1227,5,385,'2017-12-22 22:14:22','2017-12-22 22:14:22'),(1228,5,392,'2017-12-22 22:14:22','2017-12-22 22:14:22'),(1229,5,399,'2017-12-22 22:14:22','2017-12-22 22:14:22'),(1230,5,406,'2017-12-22 22:14:22','2017-12-22 22:14:22'),(1231,5,409,'2017-12-22 22:14:22','2017-12-22 22:14:22'),(1232,5,412,'2017-12-22 22:14:23','2017-12-22 22:14:23'),(1233,5,415,'2017-12-22 22:14:23','2017-12-22 22:14:23'),(1234,5,418,'2017-12-22 22:14:23','2017-12-22 22:14:23'),(1235,5,421,'2017-12-22 22:14:23','2017-12-22 22:14:23'),(1236,5,424,'2017-12-22 22:14:23','2017-12-22 22:14:23'),(1237,5,427,'2017-12-22 22:14:23','2017-12-22 22:14:23'),(1238,5,430,'2017-12-22 22:14:23','2017-12-22 22:14:23'),(1239,5,433,'2017-12-22 22:14:23','2017-12-22 22:14:23'),(1240,5,436,'2017-12-22 22:14:23','2017-12-22 22:14:23'),(1241,5,439,'2017-12-22 22:14:23','2017-12-22 22:14:23'),(1242,5,442,'2017-12-22 22:14:23','2017-12-22 22:14:23'),(1243,5,445,'2017-12-22 22:14:23','2017-12-22 22:14:23'),(1244,5,449,'2017-12-22 22:14:23','2017-12-22 22:14:23'),(1245,5,451,'2017-12-22 22:14:23','2017-12-22 22:14:23'),(1246,5,454,'2017-12-22 22:14:23','2017-12-22 22:14:23'),(1247,5,461,'2017-12-22 22:14:23','2017-12-22 22:14:23'),(1248,5,463,'2017-12-22 22:14:23','2017-12-22 22:14:23'),(1249,5,468,'2017-12-22 22:14:24','2017-12-22 22:14:24'),(1250,5,469,'2017-12-22 22:14:24','2017-12-22 22:14:24'),(1251,5,472,'2017-12-22 22:14:24','2017-12-22 22:14:24'),(1252,5,475,'2017-12-22 22:14:24','2017-12-22 22:14:24'),(1253,5,478,'2017-12-22 22:14:24','2017-12-22 22:14:24'),(1254,5,481,'2017-12-22 22:14:24','2017-12-22 22:14:24'),(1255,5,451,'2017-12-22 22:14:24','2017-12-22 22:14:24'),(1256,5,484,'2017-12-22 22:14:24','2017-12-22 22:14:24'),(1257,5,487,'2017-12-22 22:14:24','2017-12-22 22:14:24'),(1258,5,490,'2017-12-22 22:14:24','2017-12-22 22:14:24'),(1259,5,493,'2017-12-22 22:14:24','2017-12-22 22:14:24'),(1260,5,496,'2017-12-22 22:14:24','2017-12-22 22:14:24'),(1261,5,499,'2017-12-22 22:14:24','2017-12-22 22:14:24'),(1262,5,502,'2017-12-22 22:14:24','2017-12-22 22:14:24'),(1263,5,505,'2017-12-22 22:14:24','2017-12-22 22:14:24'),(1264,5,508,'2017-12-22 22:14:24','2017-12-22 22:14:24'),(1265,5,511,'2017-12-22 22:14:24','2017-12-22 22:14:24'),(1266,5,514,'2017-12-22 22:14:24','2017-12-22 22:14:24'),(1267,5,517,'2017-12-22 22:14:24','2017-12-22 22:14:24'),(1268,5,520,'2017-12-22 22:14:25','2017-12-22 22:14:25'),(1269,5,523,'2017-12-22 22:14:25','2017-12-22 22:14:25'),(1270,5,526,'2017-12-22 22:14:25','2017-12-22 22:14:25'),(1271,5,529,'2017-12-22 22:14:25','2017-12-22 22:14:25'),(1272,5,532,'2017-12-22 22:14:25','2017-12-22 22:14:25'),(1273,5,535,'2017-12-22 22:14:25','2017-12-22 22:14:25'),(1274,5,538,'2017-12-22 22:14:25','2017-12-22 22:14:25'),(1275,5,541,'2017-12-22 22:14:25','2017-12-22 22:14:25'),(1276,5,544,'2017-12-22 22:14:25','2017-12-22 22:14:25'),(1277,5,547,'2017-12-22 22:14:25','2017-12-22 22:14:25'),(1278,5,547,'2017-12-22 22:14:25','2017-12-22 22:14:25'),(1279,5,550,'2017-12-22 22:14:25','2017-12-22 22:14:25'),(1280,5,553,'2017-12-22 22:14:25','2017-12-22 22:14:25'),(1281,5,556,'2017-12-22 22:14:25','2017-12-22 22:14:25'),(1282,5,559,'2017-12-22 22:14:25','2017-12-22 22:14:25'),(1283,5,562,'2017-12-22 22:14:25','2017-12-22 22:14:25'),(1284,5,565,'2017-12-22 22:14:25','2017-12-22 22:14:25'),(1285,5,575,'2017-12-22 22:14:25','2017-12-22 22:14:25'),(1286,5,585,'2017-12-22 22:14:25','2017-12-22 22:14:25'),(1287,5,595,'2017-12-22 22:14:25','2017-12-22 22:14:25'),(1288,5,605,'2017-12-22 22:14:25','2017-12-22 22:14:25'),(1289,5,607,'2017-12-22 22:14:25','2017-12-22 22:14:25'),(1290,5,609,'2017-12-22 22:14:25','2017-12-22 22:14:25'),(1291,5,611,'2017-12-22 22:14:26','2017-12-22 22:14:26'),(1292,5,613,'2017-12-22 22:14:26','2017-12-22 22:14:26'),(1293,5,615,'2017-12-22 22:14:26','2017-12-22 22:14:26'),(1294,5,617,'2017-12-22 22:14:26','2017-12-22 22:14:26'),(1295,5,619,'2017-12-22 22:14:26','2017-12-22 22:14:26'),(1296,5,621,'2017-12-22 22:14:26','2017-12-22 22:14:26'),(1297,5,623,'2017-12-22 22:14:26','2017-12-22 22:14:26'),(1298,5,625,'2017-12-22 22:14:26','2017-12-22 22:14:26'),(1299,5,627,'2017-12-22 22:14:26','2017-12-22 22:14:26'),(1300,5,629,'2017-12-22 22:14:26','2017-12-22 22:14:26'),(1301,2,1,'2018-01-18 19:12:00','2018-01-18 19:12:00'),(1302,2,8,'2018-01-18 19:12:00','2018-01-18 19:12:00'),(1303,2,15,'2018-01-18 19:12:00','2018-01-18 19:12:00'),(1304,2,22,'2018-01-18 19:12:00','2018-01-18 19:12:00'),(1305,2,29,'2018-01-18 19:12:00','2018-01-18 19:12:00'),(1306,2,36,'2018-01-18 19:12:00','2018-01-18 19:12:00'),(1307,2,43,'2018-01-18 19:12:00','2018-01-18 19:12:00'),(1308,2,50,'2018-01-18 19:12:00','2018-01-18 19:12:00'),(1309,2,57,'2018-01-18 19:12:00','2018-01-18 19:12:00'),(1310,2,85,'2018-01-18 19:12:00','2018-01-18 19:12:00'),(1311,2,92,'2018-01-18 19:12:00','2018-01-18 19:12:00'),(1312,2,99,'2018-01-18 19:12:00','2018-01-18 19:12:00'),(1313,2,106,'2018-01-18 19:12:00','2018-01-18 19:12:00'),(1314,2,113,'2018-01-18 19:12:00','2018-01-18 19:12:00'),(1315,2,120,'2018-01-18 19:12:00','2018-01-18 19:12:00'),(1316,2,127,'2018-01-18 19:12:01','2018-01-18 19:12:01'),(1317,2,134,'2018-01-18 19:12:01','2018-01-18 19:12:01'),(1318,2,141,'2018-01-18 19:12:01','2018-01-18 19:12:01'),(1319,2,148,'2018-01-18 19:12:01','2018-01-18 19:12:01'),(1320,2,155,'2018-01-18 19:12:01','2018-01-18 19:12:01'),(1321,2,162,'2018-01-18 19:12:01','2018-01-18 19:12:01'),(1322,2,169,'2018-01-18 19:12:01','2018-01-18 19:12:01'),(1323,2,176,'2018-01-18 19:12:01','2018-01-18 19:12:01'),(1324,2,183,'2018-01-18 19:12:01','2018-01-18 19:12:01'),(1325,2,190,'2018-01-18 19:12:01','2018-01-18 19:12:01'),(1326,2,197,'2018-01-18 19:12:01','2018-01-18 19:12:01'),(1327,2,204,'2018-01-18 19:12:01','2018-01-18 19:12:01'),(1328,2,64,'2018-01-18 19:12:01','2018-01-18 19:12:01'),(1329,2,71,'2018-01-18 19:12:01','2018-01-18 19:12:01'),(1330,2,78,'2018-01-18 19:12:01','2018-01-18 19:12:01'),(1331,2,211,'2018-01-18 19:12:02','2018-01-18 19:12:02'),(1332,2,219,'2018-01-18 19:12:02','2018-01-18 19:12:02'),(1333,2,226,'2018-01-18 19:12:02','2018-01-18 19:12:02'),(1334,2,233,'2018-01-18 19:12:02','2018-01-18 19:12:02'),(1335,2,240,'2018-01-18 19:12:02','2018-01-18 19:12:02'),(1336,2,247,'2018-01-18 19:12:02','2018-01-18 19:12:02'),(1337,2,254,'2018-01-18 19:12:02','2018-01-18 19:12:02'),(1338,2,261,'2018-01-18 19:12:02','2018-01-18 19:12:02'),(1339,2,268,'2018-01-18 19:12:02','2018-01-18 19:12:02'),(1340,2,275,'2018-01-18 19:12:02','2018-01-18 19:12:02'),(1341,2,282,'2018-01-18 19:12:02','2018-01-18 19:12:02'),(1342,2,286,'2018-01-18 19:12:02','2018-01-18 19:12:02'),(1343,2,288,'2018-01-18 19:12:02','2018-01-18 19:12:02'),(1344,2,295,'2018-01-18 19:12:02','2018-01-18 19:12:02'),(1345,2,302,'2018-01-18 19:12:02','2018-01-18 19:12:02'),(1346,2,309,'2018-01-18 19:12:02','2018-01-18 19:12:02'),(1347,2,316,'2018-01-18 19:12:02','2018-01-18 19:12:02'),(1348,2,323,'2018-01-18 19:12:02','2018-01-18 19:12:02'),(1349,2,330,'2018-01-18 19:12:03','2018-01-18 19:12:03'),(1350,2,337,'2018-01-18 19:12:03','2018-01-18 19:12:03'),(1351,2,344,'2018-01-18 19:12:03','2018-01-18 19:12:03'),(1352,2,351,'2018-01-18 19:12:03','2018-01-18 19:12:03'),(1353,2,358,'2018-01-18 19:12:03','2018-01-18 19:12:03'),(1354,2,365,'2018-01-18 19:12:03','2018-01-18 19:12:03'),(1355,2,372,'2018-01-18 19:12:03','2018-01-18 19:12:03'),(1356,2,378,'2018-01-18 19:12:03','2018-01-18 19:12:03'),(1357,2,385,'2018-01-18 19:12:03','2018-01-18 19:12:03'),(1358,2,392,'2018-01-18 19:12:03','2018-01-18 19:12:03'),(1359,2,399,'2018-01-18 19:12:03','2018-01-18 19:12:03'),(1360,2,406,'2018-01-18 19:12:03','2018-01-18 19:12:03'),(1361,2,409,'2018-01-18 19:12:03','2018-01-18 19:12:03'),(1362,2,412,'2018-01-18 19:12:03','2018-01-18 19:12:03'),(1363,2,415,'2018-01-18 19:12:04','2018-01-18 19:12:04'),(1364,2,418,'2018-01-18 19:12:04','2018-01-18 19:12:04'),(1365,2,421,'2018-01-18 19:12:04','2018-01-18 19:12:04'),(1366,2,424,'2018-01-18 19:12:04','2018-01-18 19:12:04'),(1367,2,427,'2018-01-18 19:12:04','2018-01-18 19:12:04'),(1368,2,430,'2018-01-18 19:12:04','2018-01-18 19:12:04'),(1369,2,433,'2018-01-18 19:12:04','2018-01-18 19:12:04'),(1370,2,436,'2018-01-18 19:12:04','2018-01-18 19:12:04'),(1371,2,439,'2018-01-18 19:12:04','2018-01-18 19:12:04'),(1372,2,442,'2018-01-18 19:12:04','2018-01-18 19:12:04'),(1373,2,445,'2018-01-18 19:12:04','2018-01-18 19:12:04'),(1374,2,448,'2018-01-18 19:12:04','2018-01-18 19:12:04'),(1375,2,451,'2018-01-18 19:12:04','2018-01-18 19:12:04'),(1376,2,454,'2018-01-18 19:12:04','2018-01-18 19:12:04'),(1377,2,460,'2018-01-18 19:12:04','2018-01-18 19:12:04'),(1378,2,463,'2018-01-18 19:12:04','2018-01-18 19:12:04'),(1379,2,466,'2018-01-18 19:12:04','2018-01-18 19:12:04'),(1380,2,469,'2018-01-18 19:12:05','2018-01-18 19:12:05'),(1381,2,472,'2018-01-18 19:12:05','2018-01-18 19:12:05'),(1382,2,475,'2018-01-18 19:12:05','2018-01-18 19:12:05'),(1383,2,478,'2018-01-18 19:12:05','2018-01-18 19:12:05'),(1384,2,481,'2018-01-18 19:12:05','2018-01-18 19:12:05'),(1385,2,451,'2018-01-18 19:12:05','2018-01-18 19:12:05'),(1386,2,484,'2018-01-18 19:12:05','2018-01-18 19:12:05'),(1387,2,487,'2018-01-18 19:12:05','2018-01-18 19:12:05'),(1388,2,490,'2018-01-18 19:12:05','2018-01-18 19:12:05'),(1389,2,493,'2018-01-18 19:12:05','2018-01-18 19:12:05'),(1390,2,496,'2018-01-18 19:12:05','2018-01-18 19:12:05'),(1391,2,499,'2018-01-18 19:12:05','2018-01-18 19:12:05'),(1392,2,502,'2018-01-18 19:12:05','2018-01-18 19:12:05'),(1393,2,505,'2018-01-18 19:12:05','2018-01-18 19:12:05'),(1394,2,508,'2018-01-18 19:12:05','2018-01-18 19:12:05'),(1395,2,511,'2018-01-18 19:12:06','2018-01-18 19:12:06'),(1396,2,514,'2018-01-18 19:12:06','2018-01-18 19:12:06'),(1397,2,517,'2018-01-18 19:12:06','2018-01-18 19:12:06'),(1398,2,520,'2018-01-18 19:12:06','2018-01-18 19:12:06'),(1399,2,523,'2018-01-18 19:12:06','2018-01-18 19:12:06'),(1400,2,526,'2018-01-18 19:12:06','2018-01-18 19:12:06'),(1401,2,529,'2018-01-18 19:12:06','2018-01-18 19:12:06'),(1402,2,532,'2018-01-18 19:12:06','2018-01-18 19:12:06'),(1403,2,535,'2018-01-18 19:12:06','2018-01-18 19:12:06'),(1404,2,538,'2018-01-18 19:12:06','2018-01-18 19:12:06'),(1405,2,541,'2018-01-18 19:12:06','2018-01-18 19:12:06'),(1406,2,544,'2018-01-18 19:12:07','2018-01-18 19:12:07'),(1407,2,547,'2018-01-18 19:12:07','2018-01-18 19:12:07'),(1408,2,547,'2018-01-18 19:12:07','2018-01-18 19:12:07'),(1409,2,550,'2018-01-18 19:12:07','2018-01-18 19:12:07'),(1410,2,553,'2018-01-18 19:12:07','2018-01-18 19:12:07'),(1411,2,556,'2018-01-18 19:12:07','2018-01-18 19:12:07'),(1412,2,559,'2018-01-18 19:12:07','2018-01-18 19:12:07'),(1413,2,562,'2018-01-18 19:12:07','2018-01-18 19:12:07'),(1414,2,565,'2018-01-18 19:12:07','2018-01-18 19:12:07'),(1415,2,575,'2018-01-18 19:12:07','2018-01-18 19:12:07'),(1416,2,585,'2018-01-18 19:12:07','2018-01-18 19:12:07'),(1417,2,595,'2018-01-18 19:12:07','2018-01-18 19:12:07'),(1418,2,605,'2018-01-18 19:12:07','2018-01-18 19:12:07'),(1419,2,607,'2018-01-18 19:12:07','2018-01-18 19:12:07'),(1420,2,609,'2018-01-18 19:12:07','2018-01-18 19:12:07'),(1421,2,611,'2018-01-18 19:12:07','2018-01-18 19:12:07'),(1422,2,613,'2018-01-18 19:12:07','2018-01-18 19:12:07'),(1423,2,615,'2018-01-18 19:12:08','2018-01-18 19:12:08'),(1424,2,617,'2018-01-18 19:12:08','2018-01-18 19:12:08'),(1425,2,619,'2018-01-18 19:12:08','2018-01-18 19:12:08'),(1426,2,621,'2018-01-18 19:12:08','2018-01-18 19:12:08'),(1427,2,623,'2018-01-18 19:12:08','2018-01-18 19:12:08'),(1428,2,625,'2018-01-18 19:12:08','2018-01-18 19:12:08'),(1429,2,627,'2018-01-18 19:12:08','2018-01-18 19:12:08'),(1430,2,629,'2018-01-18 19:12:08','2018-01-18 19:12:08');
/*!40000 ALTER TABLE `visual_value_reports` ENABLE KEYS */;
UNLOCK TABLES;

--
-- Table structure for table `visual_values`
--

DROP TABLE IF EXISTS `visual_values`;
/*!40101 SET @saved_cs_client     = @@character_set_client */;
/*!40101 SET character_set_client = utf8 */;
CREATE TABLE `visual_values` (
  `id` int(10) unsigned NOT NULL AUTO_INCREMENT,
  `name` varchar(255) COLLATE utf8mb4_unicode_ci NOT NULL,
  `created_at` timestamp NULL DEFAULT NULL,
  `updated_at` timestamp NULL DEFAULT NULL,
  PRIMARY KEY (`id`)
) ENGINE=InnoDB AUTO_INCREMENT=12 DEFAULT CHARSET=utf8mb4 COLLATE=utf8mb4_unicode_ci;
/*!40101 SET character_set_client = @saved_cs_client */;

--
-- Dumping data for table `visual_values`
--

LOCK TABLES `visual_values` WRITE;
/*!40000 ALTER TABLE `visual_values` DISABLE KEYS */;
INSERT INTO `visual_values` VALUES (1,'estructura',NULL,NULL),(2,'carroceria',NULL,NULL),(3,'pintura',NULL,NULL),(4,'vidrios',NULL,NULL),(5,'equipo electrico',NULL,NULL),(6,'fugas',NULL,NULL),(7,'interiores',NULL,NULL),(8,'luces',NULL,NULL),(9,'nivel fluidos',NULL,NULL),(10,'llantas',NULL,NULL),(11,'equipo carretera',NULL,NULL);
/*!40000 ALTER TABLE `visual_values` ENABLE KEYS */;
UNLOCK TABLES;
/*!40103 SET TIME_ZONE=@OLD_TIME_ZONE */;

/*!40101 SET SQL_MODE=@OLD_SQL_MODE */;
/*!40014 SET FOREIGN_KEY_CHECKS=@OLD_FOREIGN_KEY_CHECKS */;
/*!40014 SET UNIQUE_CHECKS=@OLD_UNIQUE_CHECKS */;
/*!40101 SET CHARACTER_SET_CLIENT=@OLD_CHARACTER_SET_CLIENT */;
/*!40101 SET CHARACTER_SET_RESULTS=@OLD_CHARACTER_SET_RESULTS */;
/*!40101 SET COLLATION_CONNECTION=@OLD_COLLATION_CONNECTION */;
/*!40111 SET SQL_NOTES=@OLD_SQL_NOTES */;

-- Dump completed on 2018-02-06 17:24:23
